seller_zip_code_prefix,seller_city,seller_state,seller_id
13023,campinas,SP,1
13844,mogi guacu,SP,2
20031,rio de janeiro,RJ,3
4195,sao paulo,SP,4
12914,braganca paulista,SP,5
20920,rio de janeiro,RJ,6
55325,brejao,PE,7
16304,penapolis,SP,8
1529,sao paulo,SP,9
80310,curitiba,PR,10
75110,anapolis,GO,11
13530,itirapina,SP,12
1222,sao paulo,SP,13
5372,sao paulo,SP,14
88705,tubarao,SC,15
42738,lauro de freitas,BA,16
88780,imbituba,SC,17
70740,brasilia,DF,18
45810,porto seguro,BA,19
5138,sao paulo,SP,20
11440,guaruja,SP,21
14910,tabatinga,SP,22
4156,sao paulo,SP,23
13320,salto,SP,24
98910,tres de maio,RS,25
30494,belo horizonte,MG,26
86707,arapongas,PR,27
9850,sao bernardo do campo,SP,28
4857,sao paulo,SP,29
18500,tatui,SP,30
80210,curitiba,PR,31
2261,sao paulo,SP,32
88495,garopaba,SC,33
3562,sao paulo,SP,34
37650,camanducaia,MG,35
17602,tupa,SP,36
7241,guarulhos,SP,37
83050,sao jose dos pinhais,PR,38
3445,sao paulo,SP,39
4133,sao paulo,SP,40
72233,brasilia,DF,41
70645,brasilia,DF,42
88730,sao ludgero,SC,43
88075,sao jose,SC,44
13416,piracicaba,SP,45
90850,porto alegre,RS,46
37584,congonhal,MG,47
31950,belo horizonte,MG,48
31555,belo horizonte,MG,49
9251,santo andre,SP,50
4705,sao paulo,SP,51
6144,osasco,SP,52
13270,valinhos,SP,53
89214,joinville,SC,54
11446,guaruja,SP,55
28990,saquarema,RJ,56
88390,barra velha,SC,57
25730,petropolis,RJ,58
95500,santo antonio da patrulha,RS,59
84010,ponta grossa,PR,60
6544,santana de parnaiba,SP,61
9121,santo andre,SP,62
13568,sao carlos,SP,63
6056,osasco,SP,64
14940,ibitinga,SP,65
5741,sao paulo,SP,66
83010,sao jose dos pinhais,PR,67
3702,sao paulo,SP,68
6429,barueri,SP,69
6192,osasco,SP,70
95076,caxias do sul,SP,71
3569,sao paulo,SP,72
89207,joinville,SC,73
38440,araguari,MG,74
32180,contagem,MG,75
89258,jaragua do sul,SC,76
14940,ibitinga,SP,77
9715,sao bernardo do campo,SP,78
88501,lages - sc,SC,79
95711,bento goncalves,RS,80
15805,catanduva,SP,81
9400,ribeirao pires,SP,82
4726,sao paulo,SP,83
14882,jaboticabal,SP,84
19830,echapora,SP,85
6713,cotia,SP,86
89160,rio do sul,SC,87
4275,sao paulo,SP,88
18040,sorocaba,SP,89
21235,rio de janeiro,RJ,90
14850,pradopolis,SP,91
22420,rio de janeiro,RJ,92
1125,sao paulo,SP,93
24813,itaborai,RJ,94
5786,sao paulo,SP,95
15137,mirassol,SP,96
9190,santo andre,SP,97
16200,birigui,SP,98
3569,sao paulo,SP,99
31730,belo horizonte,MG,100
20785,rio de janeiro,RJ,101
20060,rio de janeiro,RJ,102
14940,ibitinga,SP,103
12401,sao paulo,SP,104
1425,sao paulo,SP,105
19803,assis,SP,106
13820,jaguariuna,SP,107
14801,araraquara,SP,108
27963,macae,RJ,109
13320,salto,SP,110
13504,rio claro,SP,111
86039,londrina,PR,112
5101,sao paulo,SP,113
14010,ribeirao preto,SP,114
21210,rio de janeiro,RN,115
37410,tres coracoes,MG,116
4248,sao paulo,SP,117
15190,nhandeara,SP,118
14940,ibitinga,SP,119
3514,sao paulo,SP,120
71070,brasilia,DF,121
6465,barueri,SP,122
1044,sao paulo,SP,123
88870,orleans,SC,124
70384,brasilia,DF,125
2310,sao paulo,SP,126
2016,sao paulo,SP,127
78095,cuiaba,MT,128
13575,sao carlos,SP,129
1040,sao paulo,SP,130
3322,sao paulo,SP,131
20261,rio de janeiro,RJ,132
85830,formosa do oeste,PR,133
23550,rio de janeiro,RJ,134
11085,santos,SP,135
3417,sao paulo,SP,136
76500,santa terezinha de goias,GO,137
81210,curitiba,PR,138
8260,sao paulo,SP,139
95995,arvorezinha,RS,140
4674,sao paulo,SP,141
14020,ribeirao preto,SP,142
36525,guiricema,MG,143
95072,caxias do sul,RS,144
55004,caruaru,PE,145
80045,curitiba,PR,146
14401,franca,SP,147
81030,curitiba,PR,148
40243,salvador,BA,149
9951,diadema,SP,150
8573,itaquaquecetuba,SP,151
18682,lencois paulista,SP,152
7091,guarulhos,SP,153
6341,carapicuiba,SP,154
76400,uruacu,GO,155
88301,itajai,SC,156
3280,sao paulo,SP,157
1545,sao paulo,SP,158
1026,sao paulo,SP,159
80620,curitiba,PR,160
87900,loanda,PR,161
3186,sao paulo,SP,162
19400,sao paulo,SP,163
2839,sao paulo,SP,164
87014,maringa,PR,165
1207,sao paulo,SP,166
1411,sao paulo,SP,167
30190,belo horizonte,MG,168
8502,ferraz de vasconcelos,SP,169
1541,sao paulo,SP,170
13481,limeira,SP,171
11040,santos,SP,172
6436,barueri,SP,173
2310,sao paulo,SP,174
35530,claudio,MG,175
14080,ribeirao preto,SP,176
24355,niteroi,RJ,177
17700,osvaldo cruz,SP,178
6380,carapicuiba,SP,179
6016,osasco,SP,180
24451,sao goncalo,RJ,181
78820,jaciara,MT,182
88330,balenario camboriu,SC,183
4009,sao paulo,SP,184
89120,timbo,SC,185
14075,ribeirao preto,SP,186
5424,sao paulo,SP,187
99730,jacutinga,RS,188
60440,fortaleza,CE,189
7242,guarulhos,SP,190
7051,guarulhos,SP,191
8517,ferraz de  vasconcelos,SP,192
16800,mirandopolis,SP,193
89228,joinville,SC,194
30421,belo horizonte,MG,195
17056,bauru,SP,196
12308,jacarei,SP,197
13304,itu,SP,198
85301,laranjeiras do sul,SP,199
3554,sao paulo,SP,200
89560,videira,SC,201
88058,florianopolis,SC,202
6853,itapecerica da serra,SP,203
58280,mamanguape,PB,204
8490,sao paulo,SP,205
35430,ponte nova,MG,206
87360,goioere,SP,207
17280,pederneiras,SP,208
6653,itapevi,SP,209
74563,goiania,GO,210
4821,sao paulo,SP,211
21820,rio de janeiro,RJ,212
1026,sao paulo,SP,213
3308,sao paulo,SP,214
95070,caxias do sul,RS,215
9640,sao bernardo do campo,SP,216
58400,campina grande,PB,217
93608,estancia velha,RS,218
27525,resende,RJ,219
89251,jaragua do sul,SC,220
2215,sao paulo,SP,221
5524,sao paulo,SP,222
22790,rio de janeiro,RJ,223
8041,sao paulo,SP,224
5715,sao paulo,SP,225
88032,florianopolis,SC,226
18055,sorocaba,SP,227
2112,sao paulo,SP,228
14075,ribeirao preto,SP,229
18048,sorocaba,SP,230
9336,maua,SP,231
17030,bauru,SP,232
17052,bauru,SP,233
30620,belo horizonte,MG,234
13327,salto,SP,235
74343,goiania,GO,236
35300,caratinga,MG,237
15350,auriflama/sp,SP,238
21240,rio de janeiro,RJ,239
14407,franca,SP,240
16500,cafelandia,SP,241
2518,sao paulo,SP,242
14050,ribeirao preto,SP,243
88730,sao ludgero,SC,244
36502,uba,MG,245
9751,sao bernardo do campo,SP,246
3407,sao paulo / sao paulo,SP,247
14940,ibitinga,SP,248
87035,maringa,PR,249
15062,sao jose do rio preto,SP,250
13064,campinas,SP,251
21020,rio de janeiro,RJ,252
13660,porto ferreira,SP,253
95660,tres coroas,RS,254
9080,santo andre,SP,255
89031,blumenau,SC,256
9110,santo andre,SP,257
9230,santo andre,SP,258
3951,sao paulo,SP,259
3172,sao paulo,SP,260
3334,sao paulo,SP,261
89070,blumenau,SC,262
8773,mogi das cruzes,SP,263
11013,santos,SP,264
6286,osasco,SP,265
15155,jaci,SP,266
35530,claudio,MG,267
74045,goiania,GO,268
18500,laranjal paulista,SP,269
18048,sorocaba,SP,270
1126,sao paulo,SP,271
13478,americana,SP,272
1303,sao paulo,SP,273
2739,sao paulo,SP,274
20921,rio de janeiro,RJ,275
86170,sertanopolis,SP,276
14940,ibitinga,SP,277
86808,apucarana,PR,278
15046,sao jose do rio preto,SP,279
22230,rio de janeiro,RJ,280
87035,maringa,PR,281
4102,sao paulo,SP,282
7052,guarulhos,SP,283
16301,penapolis,SP,284
24020,niteroi,RJ,285
89204,joinville,SC,286
83408,colombo,PR,287
11450,vicente de carvalho,SP,288
26562,mesquita,RJ,289
86010,londrina,PR,290
2051,sao pauo,SP,291
88056,florianopolis,SC,292
30550,belo horizonte,MG,293
2820,sao paulo,SP,294
85802,cascavel,PR,295
83830,fazenda rio grande,PR,296
4508,sao paulo,SP,297
6775,taboao da serra,SP,298
1550,sao paulo,SP,299
22783,rio de janeiro,RJ,300
81070,curitiba,PR,301
4716,sao paulo,SP,302
12233,sao jose dos campos,SP,303
7084,guarulhos,SP,304
3384,sao paulo,SP,305
85903,toledo,PR,306
82510,curitiba,PR,307
15081,sao jose do rio preto,SP,308
8411,sao paulo,SP,309
17047,bauru,SP,310
11045,santos,SP,311
85960,marechal candido rondon,SP,312
80010,curitiba,PR,313
8710,mogi das cruzes,SP,314
91130,porto alegre,RS,315
12238,sao jose dos campos,SP,316
6236,osasco,SP,317
13203,jundiai,SP,318
83800,mandirituba,PR,319
3551,sao paulo,SP,320
8655,suzano,SP,321
33200,vespasiano,MG,322
80040,curitiba,PR,323
20735,rio de janeiro,RJ,324
89031,blumenau,SC,325
1417,sao paulo,SP,326
98780,santa rosa,RS,327
15015,sao jose do rio preto,SP,328
14600,sao joaquim da barra,SP,329
5125,sao paulo,SP,330
81050,curitiba,PR,331
13830,santo antonio de posse,SP,332
1212,sao paulo,SP,333
97502,uruguaiana,RS,334
80215,curitiba,PR,335
6703,cotia,SP,336
13480,limeira,SP,337
37400,campanha,MG,338
14940,ibitinga,SP,339
4811,sao paulo,SP,340
75640,piracanjuba,GO,341
3306,sao paulo,SP,342
95034,caxias do sul,RS,343
30640,belo horizonte,MG,344
89701,concordia,SC,345
2880,sao paulo,SP,346
3688,sao paulo,SP,347
74043,goiania,GO,348
37540,santa rita do sapucai,MG,349
81925,curitiba,PR,350
6246,osasco,SP,351
80510,curitiba,PR,352
80240,curitiba,PR,353
14780,barretos,SP,354
13330,indaiatuba,SP,355
26525,nilopolis,RJ,356
9380,maua,SP,357
17580,pompeia,SP,358
44895,barro alto,BA,359
13840,mogi guacu,SP,360
4557,são paulo,SP,361
4311,sao paulo,SP,362
11702,praia grande,SP,363
14406,franca,SP,364
22783,rio de janeiro,SP,365
89128,luiz alves,SC,366
2036,sao paulo,SP,367
6038,osasco,SP,368
88351,brusque,SC,369
88804,criciuma,SC,370
5729,sao paulo,SP,371
6519,santana de parnaiba,SP,372
6016,osasco,SP,373
89222,joinville,SC,374
2252,sao paulo,SP,375
7179,guarulhos,SP,376
31050,belo horizonte,MG,377
13480,limeira,SP,378
15805,catanduva,SP,379
89052,blumenau,SC,380
31255,belo horizonte,MG,381
15704,jales,SP,382
20270,rio de janeiro,RJ,383
86060,londrina,PR,384
12944,atibaia,SP,385
69900,rio branco,AC,386
86046,londrina,PR,387
27321,barra mansa,RJ,388
5632,sao paulo,SP,389
3161,sao paulo,SP,390
4782,sao paulo,SP,391
14403,franca,SP,392
87013,maringa,PR,393
9405,ribeirao pires,SP,394
2310,sao paulo,SP,395
4363,sao paulo,SP,396
1539,sao paulo,SP,397
13560,sao carlos,SP,398
2238,sao paulo,SP,399
15055,sao jose do rio preto,SP,400
82220,curitiba,PR,401
17520,marilia,SP,402
3060,sao paulo,SP,403
9443,ribeirao pires,SP,404
14096,ribeirao preto,SP,405
48602,bahia,BA,406
91740,porto alegre,RS,407
86047,londrina,PR,408
85807,cascavel,PR,409
12020,taubate,SP,410
85802,cascavael,PR,411
1320,sao paulo,SP,412
12250,monteiro lobato,SP,413
81250,curitiba,PR,414
29138,viana,ES,415
7145,guarulhos,SP,416
88107,sao jose,SC,417
25850,paraiba do sul,RJ,418
13730,mococa,SP,419
18130,sao roque,SP,420
37900,passos,MG,421
14940,ibitinga,SP,422
85603,francisco beltrao,PR,423
3821,sao paulo,SP,424
36512,tocantins,SP,425
76400,uruacu,GO,426
87083,maringa,PR,427
74473,goiania,GO,428
21931,rio de janeiro,RJ,429
14055,ribeirao preto,SP,430
88210,porto belo,SC,431
13105,campinas,SP,432
26255,nova iguacu,RJ,433
3343,sao paulo,SP,434
17512,marilia,SP,435
88820,icara,SC,436
3543,sao paulo,SP,437
95910,lajeado,RS,438
3694,sao paulo,SP,439
3029,sao paulo,SP,440
37540,santa rita do sapucai,MG,441
13042,campinas,SP,442
1201,sao paulo,SP,443
9230,santo andre,SP,444
88359,brusque,SC,445
98920,horizontina,RS,446
4364,sao paulo,SP,447
3416,sao paulo,SP,448
9350,maua,SP,449
1214,sao paulo,SP,450
2880,sao paulo,SP,451
9220,santo andre,SP,452
18110,votorantim,SP,453
35530,claudio,MG,454
93700,campo bom,RS,455
3659,sao paulo,SP,456
1123,sao paulo,SP,457
15910,monte alto,SP,458
3103,sao paulo,SP,459
14078,ribeirao preto,SP,460
15601,fernandopolis,SP,461
89041,blumenau,SC,462
17500,marilia,SP,463
84010,ponta grossa,PR,464
7093,guarulhos,SP,465
31560,belo horizonte,MG,466
13920,pedreira,SP,467
86800,apucarana,PR,468
7062,guarulhos,SP,469
88351,brusque,SC,470
8550,poa,SP,471
3471,sao paulo,SP,472
87047,maringa,PR,473
82040,curitiba,PR,474
15025,sao jose do rio preto,SP,475
35500,divinopolis,MG,476
13450,santa barbara d´oeste,SP,477
92025,canoas,RS,478
13310,itu,SP,479
89217,joinville,SC,480
13375,mombuca,SP,481
9628,sao bernardo do campo,SP,482
6539,santana de parnaiba,SP,483
81350,curitiba,PR,484
86040,londrina,PR,485
14405,franca,SP,486
35700,sete lagoas,MG,487
37165,campo do meio,MG,488
85904,toledo,PR,489
8780,mogi das cruzes,SP,490
13219,jundiai,SP,491
17509,marilia,SP,492
60741,fortaleza,CE,493
3311,sao paulo,SP,494
13490,cordeiropolis,SP,495
38410,uberlandia,MG,496
75123,anapolis,GO,497
14092,ribeirao preto,SP,498
15085,sao jose do rio preto,SP,499
4578,sao paulo,SP,500
91310,porto alegre,RS,501
20756,rio de janeiro,RJ,502
1233,sao paulo,SP,503
8223,sao paulo,SP,504
4782,sao paulo,SP,505
83402,colombo,PR,506
9920,diadema,SP,507
13419,piracicaba,SP,508
20021,rio de janeiro,RJ,509
18072,sorocaba,SP,510
13456,santa barbara d oeste,SP,511
13920,pedreira,SP,512
86702,arapongas,PR,513
27277,volta redonda,SP,514
13660,porto ferreira,SP,515
89030,blumenau,SC,516
6787,taboao da serra,SP,517
22790,04482255,RJ,518
16072,aracatuba,SP,519
81830,curitiba,PR,520
74210,goiania,GO,521
16200,birigui,SP,522
18070,sorocaba,SP,523
37580,monte siao,MG,524
13073,campinas,SP,525
89248,garuva,SC,526
38650,bonfinopolis de minas,MG,527
13150,cosmopolis,SP,528
14092,ribeirao preto,SP,529
15800,catanduva,SP,530
1215,sao paulo,SP,531
24451,sao goncalo,RJ,532
4386,sao paulo,SP,533
5547,sao paulo,SP,534
21070,rio de janeiro,RJ,535
37706,pocos de caldas,MG,536
24725,sao goncalo,RJ,537
13160,artur nogueira,SP,538
11015,santos,SP,539
4209,sao paulo,SP,540
30575,belo horizonte,MG,541
6513,santana de parnaiba,SP,542
20520,rio de janeiro,RJ,543
58030,joao pessoa,PB,544
17300,dois corregos,SP,545
89245,araquari,SC,546
1220,sao paulo,SP,547
90230,porto alegre,RS,548
83075,sao jose dos pinhais,PR,549
31570,belo horizonte,SP,550
36500,uba,MG,551
93310,"novo hamburgo, rio grande do sul, brasil",RS,552
84035,ponta grossa,PR,553
80330,curitiba,PR,554
89218,joinville,SC,555
88056,floranopolis,SC,556
15155,jaci,SP,557
13170,sumare,SP,558
83070,sao jose dos pinhais,PR,559
9350,maua,SP,560
85980,guaira,PR,561
2118,sao paulo,SP,562
12242,sao jose dos campos,SP,563
29313,cachoeiro de itapemirim,ES,564
14150,serrana,SP,565
5108,sao paulo,SP,566
86604,rolandia,PR,567
4360,sao paulo,SP,568
23062,rio de janeiro,RJ,569
3029,sao paulo,SP,570
4054,sao paulo,SP,571
36415,congonhas,MG,572
15046,sao jose do rio preto,SP,573
5537,sao paulo,SP,574
12943,atibaia,SP,575
6852,itapecerica da serra,SP,576
83091,sao  jose dos pinhais,PR,577
18035,sorocaba,SP,578
18550,boituva,SP,579
13405,piracicaba,SP,580
3275,sao paulo,SP,581
14400,franca,SP,582
88495,garopaba,SC,583
90010,porto alegre,RS,584
17604,tupa,SP,585
3612,sao paulo,SP,586
5268,sao paulo,SP,587
13660,porto ferreira,SP,588
3059,sao paulo,SP,589
7600,mairipora,SP,590
1547,sao paulo,SP,591
13041,campinas,SP,592
16480,guaimbe,SP,593
95360,parai,RS,594
17700,osvaldo cruz,SP,595
9862,sao bernardo do campo,SP,596
37706,pocos de caldas,MG,597
28495,aperibe,RJ,598
35500,divinopolis,MG,599
1021,sao paulo,SP,600
17605,tupa,SP,601
80610,curitiba,PR,602
18053,sorocaba,SP,603
88715,jaguaruna,SC,604
86707,arapongas,PR,605
26210,nova iguacu,RJ,606
8250,sao paulo,SP,607
29101,vila velha,SP,608
14801,araraquara,SP,609
9182,santo andre,SP,610
89210,joinville,SC,611
13085,campinas,SP,612
21070,rio de janeiro,RJ,613
7194,guarulhos,SP,614
36052,juiz de fora,MG,615
23080,rio de janeiro,RJ,616
38230,fronteira,MG,617
14960,novo horizonte,SP,618
18185,pilar do sul,SP,619
15840,itajobi,SP,620
87050,maringa,PR,621
4815,sao paulo,SP,622
29142,cariacica / es,ES,623
36320,prados,MG,624
88020,florianopolis,SC,625
13560,sao carlos,SP,626
11065,santos,SP,627
8598,itaquaquecetuba,SP,628
62170,mucambo,CE,629
83409,colombo,PR,630
13504,rio claro,SP,631
14940,ibitinga,SP,632
95705,bento goncalves,RS,633
4041,sao paulo,SP,634
12080,taubate,SP,635
81210,curitiba,PR,636
87050,maringa,PR,637
86026,londrina,PR,638
1244,sao paulo,SP,639
39400,montes claros,MG,640
82810,curitiba,PR,641
4613,sao paulo,SP,642
9694,sao bernardo do campo,SP,643
11701,praia grande,SP,644
7152,guarulhos,SP,645
92310,canoas,RS,646
82510,curitiba,PR,647
36570,vicosa,MG,648
13090,campinas,SP,649
5201,sao paulo,SP,650
3126,sao paulo,SP,651
21041,rio de janeiro,RJ,652
82130,curitiba,PR,653
76804,porto velho,RO,654
40130,salvador,BA,655
13720,sao jose do rio pardo,SP,656
32260,contagem,MG,657
85501,pato branco,PR,658
36301,sao joao del rei,MG,659
14091,ribeirao preto,SP,660
19042,presidente prudente,SP,661
8743,mogi das cruzes,SP,662
26600,paracambi,RJ,663
13312,itu,SP,664
13930,serra negra,SP,665
15052,sao jose do rio preto,SP,666
9541,sao caetano do sul,SP,667
1420,sao paulo,SP,668
1239,sao paulo,SP,669
13418,piracicaba,SP,670
13820,jaguariuna,SP,671
4001,sao paulo,SP,672
17051,bauru,SP,673
15081,sao jose do rio preto,SP,674
9550,sao caetano do sul,SP,675
89256,jaragua do sul,SC,676
2523,sao paulo,SP,677
5462,sao paulo,SP,678
83411,colombo,PR,679
89069,blumenau,SC,680
36010,juiz de fora,SP,681
4154,sao paulo,SP,682
28660,bom jardim,RJ,683
58385,serra redonda,PB,684
14940,ibitinga,SP,685
82800,curitiba,PR,686
4133,sao paulo,SP,687
2851,sao paulo,SP,688
89240,sao francisco do sul,SC,689
7052,guarulhos,SP,690
29104,vila velha,ES,691
19010,presidente prudente,SP,692
32672,betim,MG,693
1303,sao paulo,SP,694
4676,sao paulo,SP,695
3910,sao paulo,SP,696
81200,curitiba,PR,697
9411,ribeirao pires,SP,698
81070,curitiba,PR,699
84430,imbituva,PR,700
83280,guaratuba,PR,701
91520,porto alegre,SP,702
5615,sao paulo,SP,703
64033,teresina,PI,704
4164,sao paulo,SP,705
91360,porto alegre,RS,706
14406,franca,SP,707
89900,sao miguel d'oeste,SC,708
18550,boituva,SP,709
12941,atibaia,SP,710
12230,sao jose dos campos,SP,711
18132,sao roque,SP,712
86820,california,PR,713
8020,sao paulo,SP,714
14802,araraquara,SP,715
7135,guarulhos,SP,716
17600,tupa,SP,717
2562,sao paulo,SP,718
84920,japira,PR,719
20751,rio de janeiro,RJ,720
70610,brasilia,DF,721
9190,santo andre,SP,722
85851,foz do iguacu,PR,723
12080,taubate,SP,724
9780,sao bernardo do campo,SP,725
13483,limeira,SP,726
13180,sumare,SP,727
2215,sao paulo,SP,728
8583,itaquaquecetuba,SP,729
28633,nova friburgo,RJ,730
21862,rio de janeiro,RJ,731
4438,sao paulo,SP,732
3521,sao paulo,SP,733
30120,belo horizonte,MG,734
37975,itau de minas,MG,735
3654,sao paulo,SP,736
36050,juiz de fora,MG,737
88085,florianopolis,SC,738
5171,sao paulo,SP,739
16200,birigui,SP,740
35540,oliveira,MG,741
34710,sabara,MG,742
19865,pedrinhas paulista,SP,743
9810,sao bernardo do campo,SP,744
31510,belo horizonte,MG,745
2515,sao paulo,SP,746
15500,votuporanga,SP,747
19025,presidente prudente,SP,748
13825,holambra,SP,749
8752,mogi das cruzes,SP,750
88901,ararangua,SC,751
83324,pinhais,PR,752
2117,sao paulo,SP,753
9540,sao caetano do sul,SP,754
4361,sao paulo,SP,755
3306,sao paulo,SP,756
86047,londrina,PR,757
4213,sao paulo,SP,758
14092,ribeirao preto,SP,759
14026,ribeirao preto,SP,760
16200,birigui,SP,761
1254,sao paulo,SP,762
74435,goiania,GO,763
1026,sao paulo,SP,764
26020,nova iguacu,RJ,765
7140,guarulhos,SP,766
90560,porto alegre,RS,767
3307,sao paulo,SP,768
2804,sao paulo,SP,769
13480,limeira,SP,770
22790,rio de janeiro,RJ,771
85948,pato bragado,PR,772
99500,carazinho,RS,773
38680,arinos,MG,774
13520,sao pedro,SP,775
88504,lages,SC,776
4122,sao paulo,SP,777
9320,maua,SP,778
1223,sao paulo,SP,779
13660,porto ferreira,SP,780
6365,carapicuiba,SP,781
85640,ampere,PR,782
35500,divinopolis,MG,783
30180,belo horizonte,MG,784
83010,sao jose dos pinhais,PR,785
1026,sao paulo,SP,786
35680,itauna,MG,787
11443,guaruja,SP,788
3065,sao paulo,SP,789
88063,florianopolis,SC,790
3533,sao paulo,SP,791
91901,porto alegre,RS,792
13800,mogi mirim,SP,793
89224,joinville,SC,794
89520,curitibanos,SC,795
71906,brasilia df,DF,796
37410,tres coracoes,MG,797
5849,sao paulo,SP,798
60346,fortaleza,CE,799
1403,sao paulo,SP,800
2727,sao paulo,SP,801
12215,sao jose dos campos,SP,802
8710,mogi das cruses,SP,803
2565,sao paulo,SP,804
4256,sao paulo,SP,805
13088,campinas,SP,806
13185,hortolandia,SP,807
4160,sao paulo,SP,808
30310,belo horizonte,MG,809
87025,maringa,PR,810
20771,rio de janeiro,RJ,811
12940,atibaia,SP,812
88210,porto belo,SC,813
85900,toledo,PR,814
17511,marilia,SP,815
82940,curitiba,PR,816
35162,ipatinga,MG,817
95059,caxias do sul,RS,818
88790,laguna,SP,819
13920,pedreira,SP,820
2407,sao paulo,SP,821
13041,campinas,SP,822
12942,atibaia,SP,823
36071,juiz de fora,MG,824
1310,sao paulo,SP,825
36213,dores de campos,MG,826
5353,sao paulo - sp,SP,827
2532,sao paulo,SP,828
9560,sao caetano do sul,SP,829
13603,araras,SP,830
37142,divisa nova,MG,831
5138,sao paulo,SP,832
7071,guarulhos,SP,833
9111,santo andre,SP,834
18040,sorocaba,SP,835
13085,campinas,SP,836
17350,igaracu do tiete,SP,837
13473,americana,SP,838
88353,brusque,SC,839
88350,brusque,SC,840
9510,sao caetano do sul,SP,841
38412,uberlandia,MG,842
14750,pitangueiras,SP,843
30120,belo horizonte,MG,844
14400,franca,SP,845
4131,sao paulo,SP,846
22451,rio de janeiro,RJ,847
4317,sao paulo,SP,848
1001,sao paulo,SP,849
5705,sao paulo,SP,850
81650,curitiba,PR,851
7160,guarulhos,SP,852
18085,sorocaba,SP,853
81020,curitiba,PR,854
79090,campo grande,MS,855
1226,sao paulo,SP,856
3303,sao paulo,SP,857
3567,sao paulo,SP,858
9270,santo andre,SP,859
17400,garca,SP,860
19470,presidente epitacio,SP,861
91510,porto alegre,RS,862
14940,ibitinga,SP,863
3613,sao paulo,SP,864
31255,belo horizonte,MG,865
14940,ibitinga,SP,866
74340,goiania,GO,867
2124,sao paulo,SP,868
14910,tabatinga,SP,869
9726,sbc/sp,SP,870
85904,toledo,PR,871
81730,curitiba,PR,872
89211,joinville,SC,873
5174,sao paulo,SP,874
45816,arraial d'ajuda (porto seguro),BA,875
13481,limeira,SP,876
61800,pacatuba,CE,877
13930,serra negra,SP,878
4087,sao paulo,SP,879
23095,rio de janeiro,RJ,880
73801,formosa,GO,881
7023,guarulhos,SP,882
3167,sao paulo,SP,883
4833,sao paulo,SP,884
24346,niteroi,RJ,885
37564,borda da mata,MG,886
81825,curitiba,PR,887
11680,ubatuba,SP,888
85988,entre rios do oeste,PR,889
13566,sao carlos,SP,890
37540,sao paulo,SP,891
15813,catanduva,SP,892
11013,santos,SP,893
20751,rio de janeiro,RJ,894
6768,taboao da serra,SP,895
3550,sao paulo,SP,896
35570,formiga,MG,897
1139,sao paulo,SP,898
11075,santos,SP,899
95012,caxias do sul,RS,900
27930,macae,RJ,901
42738,lauro de freitas,BA,902
31230,belo horizonte,MG,903
13506,rio claro,SP,904
95900,lajeado,RS,905
85804,cascavel,PR,906
14020,ribeirao preto,SP,907
95800,venancio aires,RS,908
79107,campo grande,MS,909
15041,sao jose do rio preto,SP,910
88370,navegantes,SC,911
30130,belo horizonte,MG,912
9633,sao bernardo do campo,SP,913
6717,cotia,SP,914
2220,sao paulo,SP,915
4456,sao paulo,SP,916
11070,santos,SP,917
13481,limeira,SP,918
6513,santana de parnaiba,SP,919
81050,curitiba,PR,920
12701,cruzeiro,SP,921
2372,sao paulo,SP,922
14940,ibitinga,SP,923
9920,diadema,SP,924
5041,sao paulo,SP,925
87050,maringa,PR,926
97050,santa maria,RS,927
71200,brasilia,DF,928
18047,sorocaba,SP,929
15085,sao jose do rio preto,SP,930
15130,mirassol,SP,931
6033,osasco,SP,932
36886,muriae,MG,933
1311,sao paulo,SP,934
2510,sao paulo,SP,935
92420,canoas,RS,936
22745,rio de janeiro,RJ,937
9810,sao bernardo do campo,SP,938
15076,sao jose do rio preto,SP,939
27274,volta redonda,RJ,940
7170,guarulhos,SP,941
4144,sao paulo,SP,942
5319,sao paulo,SP,943
5315,sao paulo,SP,944
4827,sao paulo,SP,945
9230,santo andre/sao paulo,SP,946
95240,ipe,RS,947
1230,sao paulo,SP,948
59775,messias targino,RN,949
25750,petropolis,RJ,950
1224,sao paulo,SP,951
13082,campinas,SP,952
2751,sao paulo,SP,953
81540,curitiba,PR,954
13660,porto ferreira,SP,955
37004,varginha,MG,956
31130,belo horizonte,MG,957
91150,porto alegre,RS,958
72125,brasilia,DF,959
14050,ribeirao preto,SP,960
18608,botucatu,SP,961
81320,curitiba,PR,962
8220,sao paulo,SP,963
29260,domingos martins,ES,964
13030,campinas,SP,965
3644,sao paulo,SP,966
38010,uberaba,MG,967
19027,presidente prudente,SP,968
1031,sao paulo,SP,969
3282,sao paulo,SP,970
35170,coronel fabriciano,MG,971
3390,sao paulo,SP,972
94930,cachoeirinha,RS,973
5311,sao paulo,SP,974
14940,ibitinga,SP,975
3333,sao paulo,SP,976
9320,maua,SP,977
24754,sao goncalo,RJ,978
9820,sao bernardo do campo,SP,979
15014,s jose do rio preto,SP,980
14092,ribeirao preto,SP,981
19820,taruma,SP,982
4088,sao paulo,SP,983
17400,garca,SP,984
7043,guarulhos,SP,985
38414,uberlandia,MG,986
13481,limeira,SP,987
4160,sao paulo,SP,988
4693,sao paulo,SP,989
3060,sao paulo,SP,990
13632,pirassununga,SP,991
2116,sao paulo,SP,992
8280,sao paulo,SP,993
18015,sorocaba,SP,994
18015,sorocaba,SP,995
4567,sao paulo,SP,996
31844,belo horizonte,MG,997
14020,ribeirao preto,SP,998
13030,campinas,SP,999
7402,aruja,SP,1000
2035,sao paulo,SP,1001
74223,goiania,GO,1002
13575,sao carlos,SP,1003
1156,sao paulo,SP,1004
3363,sp / sp,SP,1005
85802,cascavel,PR,1006
2258,sao paulo,SP,1007
30310,belo horizonte,MG,1008
23954,angra dos reis,RJ,1009
23050,rio de janeiro,RJ,1010
87015,maringa,PR,1011
8673,suzano,SP,1012
9850,sao bernardo do campo,SP,1013
63020,juzeiro do norte,CE,1014
3370,sao paulo,SP,1015
35501,divinopolis,MG,1016
89170,laurentino,SC,1017
6717,cotia,SP,1018
3372,sao paulo,SP,1019
1319,sao paulo,SP,1020
95270,flores da cunha,RS,1021
88780,imbituba,SC,1022
89256,jaragua do sul,SC,1023
86035,londrina,PR,1024
95780,montenegro,RS,1025
20051,rio de janeiro,RJ,1026
3382,sao paulo,SP,1027
81200,curitiba,PR,1028
3673,sao paulo,SP,1029
86802,apucarana,PR,1030
2189,sao paulo,SP,1031
3077,sao paulo,SP,1032
6036,osasco,SP,1033
5030,sao paulo,SP,1034
5634,sao paulo,SP,1035
41820,salvador,BA,1036
6753,taboao da serra,SP,1037
3059,sao paulo,SP,1038
13660,porto ferreira,SP,1039
14470,pedregulho,SP,1040
9210,santo andre,SP,1041
93542,novo hamburgo,RS,1042
30111,belo horizonte,MG,1043
13930,serra negra,SP,1044
83015,sao jose dos pinhais,PR,1045
8730,mogi das cruzes,SP,1046
95560,torres,RS,1047
49055,aracaju,SE,1048
13484,limeira,SP,1049
88316,itajai,SC,1050
88135,santa catarina,SC,1051
81930,curitiba,PR,1052
95076,caxias do sul,RS,1053
8111,sao paulo,SP,1054
89254,jaragua do sul,SC,1055
3331,sao paulo,SP,1056
80060,curitiba,PR,1057
38770,joao pinheiro,MG,1058
9271,santo andre,SP,1059
86706,arapongas,PR,1060
15115,bady bassitt,SP,1061
89053,blumenau,SC,1062
3632,sao paulo,SP,1063
78552,sinop,MT,1064
3804,sao paulo,SP,1065
13330,indaiatuba,SP,1066
17510,marilia,SP,1067
85065,guarapuava,PR,1068
83707,araucaria,PR,1069
92030,canoas,RS,1070
18683,lencois paulista,SP,1071
95110,caxias do sul,RS,1072
36015,juiz de fora,MG,1073
12020,taubate,SP,1074
2992,sao paulo,SP,1075
88115,sao jose,SC,1076
29090,vitoria,ES,1077
3225,sao paulo,SP,1078
7013,guarulhos,SP,1079
14300,batatais,SP,1080
95082,caxias do sul,RS,1081
33400,lagoa santa,MG,1082
9911,sao paulo,SP,1083
4711,sao paulo,SP,1084
89801,chapeco,SC,1085
85801,cascavel,PR,1086
40285,salvador,BA,1087
20520,rio de janeiro,RJ,1088
11701,praia grande,SP,1089
80710,curitiba,PR,1090
5051,sao paulo,SP,1091
8840,mogi das cruzes,SP,1092
87502,umuarama,PR,1093
83709,araucaria,PR,1094
9690,sao bernardo do campo,SP,1095
8225,sao paulo,SP,1096
31110,belo horizonte,MG,1097
6460,barueri,SP,1098
9220,santo andre,SP,1099
4602,sao paulo,SP,1100
88359,brusque,SC,1101
4781,sao paulo,SP,1102
95055,caxias do sul,SP,1103
87083,maringa,PR,1104
18040,sorocaba,SP,1105
3244,sao paulo,SP,1106
16200,birigui,SP,1107
5782,sao paulo,SP,1108
26112,belford roxo,RJ,1109
29156,cariacica,ES,1110
13272,valinhos,SP,1111
13101,campinas,SP,1112
13043,campinas,SP,1113
4111,sao paulo,SP,1114
13820,monte alegre do sul,SP,1115
3087,sao paulo,SP,1116
9370,maua,SP,1117
12903,sp,SP,1118
35590,lagoa da prata,MG,1119
95690,rolante,RS,1120
4216,sao paulo,SP,1121
4119,sao paulo,SP,1122
2755,sao paulo,SP,1123
3057,sao paulo,SP,1124
9570,sao caetano do sul,SP,1125
9070,santo andre,SP,1126
25963,teresopolis,RJ,1127
13604,araras,SP,1128
18480,itaporanga,SP,1129
13330,indaiatuba,SP,1130
9810,sao bernardo do campo,SP,1131
9010,santo andre,SP,1132
37564,borda da mata,MG,1133
13015,campinas,SP,1134
3513,sao paulo,SP,1135
7113,guarulhos,SP,1136
14406,franca,SP,1137
18680,lencois paulista,SP,1138
4308,sao paulo,SP,1139
14940,ibitinga,SP,1140
89218,joinville,SC,1141
81350,curitiba,PR,1142
1209,sao paulo,SP,1143
6290,osasco,SP,1144
11704,praia grande,SP,1145
7122,guarulhos,SP,1146
22785,rio de janeiro,RJ,1147
7094,guarulhos,SP,1148
9895,sao bernardo do campo,SP,1149
8215,sao paulo,SP,1150
13561,sao carlos,SP,1151
5319,sao paulo,SP,1152
30710,belo horizonte,MG,1153
86707,arapongas,PR,1154
83605,campo largo,PR,1155
18131,sao roque,SP,1156
14804,araraquara,SP,1157
2274,sao paulo,SP,1158
25550,sao joao de meriti,RJ,1159
9380,maua/sao paulo,SP,1160
6501,santana de parnaiba,SP,1161
4880,sao paulo,SP,1162
12955,bom jesus dos perdoes,SP,1163
3449,sao paulo,SP,1164
4296,sao paulo,SP,1165
4564,sao paulo,SP,1166
5639,sao paulo,SP,1167
2047,sao paulo,SP,1168
83820,fazenda rio grande,PR,1169
4186,sao paulo,SP,1170
5059,sao paulo,SP,1171
5588,sao paulo,SP,1172
9291,santo andre,SP,1173
17380,brotas,SP,1174
3236,sao paulo,SP,1175
2376,sao paulo,SP,1176
9111,santo andre,SP,1177
8411,sao paulo,SP,1178
2034,sao paulo,SP,1179
14940,ibitinga,SP,1180
44900,irece,BA,1181
79400,coxim,MS,1182
8577,itaquaquecetuba,SP,1183
14940,ibitinga,SP,1184
3184,sao paulo,SP,1185
17210,jau,SP,1186
29102,vila velha,ES,1187
36408,conselheiro lafaiete,MG,1188
83322,pinhais,PR,1189
88704,tubarao,SC,1190
8320,sao paulo,SP,1191
38442,araguari,MG,1192
3548,sao paulo,SP,1193
86050,londrina,PR,1194
5528,sao paulo,SP,1195
20931,rio de janeiro,RJ,1196
6341,carapicuiba,SP,1197
6714,cotia,SP,1198
86804,apucarana,PR,1199
5727,sao paulo,SP,1200
13900,amparo,SP,1201
92120,canoas,RS,1202
89900,sao miguel do oeste,SC,1203
28630,nova friburgo,RJ,1204
36500,uba,MG,1205
89114,gaspar,SC,1206
28800,rio bonito,RJ,1207
7174,guarulhos,SP,1208
90640,porto alegre,RS,1209
88501,lages,SC,1210
80420,curitiba,PR,1211
16300,penapolis,SP,1212
1023,sao paulo,SP,1213
6341,carapicuiba,SP,1214
4447,sao paulo,SP,1215
19814,assis,SP,1216
89170,laurentino,SC,1217
13275,valinhos,SP,1218
5503,sao paulo,SP,1219
37540,santa rita do sapucai,MG,1220
13202,jundiai,SP,1221
81110,curitiba,PR,1222
29304,cachoeiro de itapemirim,ES,1223
8150,sao paulo,SP,1224
86706,arapongas,PR,1225
31030,belo horizonte,MG,1226
20031,rio de janeiro,RJ,1227
5048,sao paulo,SP,1228
86975,mandaguari,PR,1229
81070,curitiba,PR,1230
37074,varginha,MG,1231
6795,taboao da serra,SP,1232
36500,uba,MG,1233
81560,curitiba,SP,1234
89219,joinville,SC,1235
9370,maua,SP,1236
6717,cotia,SP,1237
13211,jundiai,SP,1238
5373,sao paulo,SP,1239
12226,sao jose dos campos,SP,1240
15015,sao jose do rio preto,SP,1241
88020,florianopolis,SC,1242
12328,jacarei,SP,1243
13501,rio claro,SP,1244
14405,franca,SP,1245
14085,ribeirao preto,SP,1246
4776,sp,SP,1247
6730,vargem grande paulista,SP,1248
87050,maringa,PR,1249
30775,belo horizonte,MG,1250
37590,jacutinga,MG,1251
32372,contagem,MG,1252
6280,sao paulo,SP,1253
14403,franca,SP,1254
74323,goiania,GO,1255
13835,conchal,SP,1256
30140,belo horizonte,MG,1257
14940,ibitinga,SP,1258
3178,sao paulo,SP,1259
86192,cambe,PR,1260
29107,vila velha,ES,1261
20061,rio de janeiro,RJ,1262
90020,porto alegre,RS,1263
35680,itauna,MG,1264
94965,cachoeirinha,RS,1265
14940,ibitinga,SP,1266
17201,jau,SP,1267
2066,sao paulo,SP,1268
4283,sao paulo,SP,1269
81280,curitiba,PR,1270
73020,brasilia,DF,1271
86990,marialva,PR,1272
9230,santo andre,SP,1273
20930,rio de janeiro,RJ,1274
3827,sao paulo,SP,1275
18131,sao roque,SP,1276
4615,sao paulo,SP,1277
37135,alfenas,MG,1278
88330,balneario camboriu,SC,1279
5269,sao paulo,SP,1280
13503,rio claro,SP,1281
9541,sao caetano do sul,SP,1282
12209,sao jose dos campos,SP,1283
35570,formiga,MG,1284
21635,rio de janeiro,RJ,1285
81130,curitiba,PR,1286
1123,sao paulo,SP,1287
88035,florianopolis,SC,1288
88138,palhoca,SC,1289
9721,sao bernardo do capo,SP,1290
13480,limeira,SP,1291
18052,sorocaba,SP,1292
7031,guarulhos,SP,1293
22640,rio de janeiro,RJ,1294
4809,sao paulo,SP,1295
36576,vicosa,MG,1296
80420,curitiba,PR,1297
6018,osasco,SP,1298
89220,joinville,SC,1299
37540,santa rita do sapucai,MG,1300
1541,sao paulo,SP,1301
22713,rio de janeiro,RJ,1302
14580,guara,SP,1303
88301,itajai,SP,1304
86061,londrina,PR,1305
9560,sao paulo,SP,1306
86185,cambe,PR,1307
60710,fortaleza,CE,1308
8260,sao paulo,SP,1309
13505,rio claro,SP,1310
9020,santo andre,SP,1311
12940,atibaia,SP,1312
4794,sao paulo,SP,1313
4761,sao paulo,SP,1314
9416,ribeirao pires,SP,1315
29704,colatina,ES,1316
9750,sao bernardo do campo,SP,1317
85501,pato branco,PR,1318
7866,franco da rocha,SP,1319
13178,sumare,SP,1320
26562,mesquita,RJ,1321
3270,sao paulo,SP,1322
4801,sao paulo,SP,1323
12246,sao jose dos campos,SP,1324
4307,sao paulo,SP,1325
37480,lambari,MG,1326
85853,foz do iguacu,PR,1327
4186,sao paulo,SP,1328
32677,betim,MG,1329
80215,curitiba,PR,1330
83830,fazenda rio grande,PR,1331
32110,contagem,MG,1332
9182,santo andre,SP,1333
18604,botucatu,SP,1334
3564,sao paulo,SP,1335
8021,sao paulo,SP,1336
3526,sao paulo,SP,1337
8717,mogi das cruzes / sp,SP,1338
14090,ribeirao preto,SP,1339
85900,toledo,PR,1340
88032,florianopolis,SC,1341
84020,ponta grossa,PR,1342
29300,cachoeiro de itapemirim,ES,1343
89650,treze tilias,SC,1344
18681,lencois paulista,SP,1345
13015,campinas,SP,1346
22050,rio de janeiro \rio de janeiro,RJ,1347
15015,sao jose do rio preto,SP,1348
88490,paulo lopes,SC,1349
3122,sao paulo,SP,1350
22793,rio de janeiro,RJ,1351
70235,brasilia,DF,1352
88350,brusque,SC,1353
88036,florianopolis,SC,1354
89540,santa cecilia,SC,1355
17026,bauru,SP,1356
15603,fernandopolis,SP,1357
13033,campinas,SP,1358
88750,braco do norte,SC,1359
4281,sao paulo,SP,1360
5571,sao paulo,SP,1361
87120,floresta,PR,1362
8080,sao paulo,SP,1363
35701,sete lagoas,MG,1364
95170,farroupilha,RS,1365
84178,castro,PR,1366
3275,sao paulo,SP,1367
72801,luziania,GO,1368
35930,joao monlevade,MG,1369
96020,pelotas,RS,1370
8790,mogi das cruzes,SP,1371
88050,florianopolis,SC,1372
58865,sao bento,PB,1373
12916,braganca paulista,SP,1374
91350,porto alegre,RS,1375
5685,sao paulo,SP,1376
89259,jaragua do sul,SC,1377
28035,campos dos goytacazes,RJ,1378
95013,caxias do sul,RS,1379
37570,ouro fino,MG,1380
83040,sao jose dos pinhas,PR,1381
27972,macae,RJ,1382
8710,mogi das cruzes,SP,1383
18530,tiete,SP,1384
4087,sao paulo,SP,1385
94410,viamao,RS,1386
22745,rio de janeiro,RJ,1387
39442,janauba,MG,1388
13360,capivari,SP,1389
5734,sao paulo,SP,1390
85875,santa terezinha de itaipu,PR,1391
4180,sao paulo,SP,1392
38400,uberlandia,MG,1393
3031,sao paulo,SP,1394
85863,foz do iguacu,PR,1395
9831,sao bernardo do campo,SP,1396
4378,sao paulo,SP,1397
16022,aracatuba,SP,1398
95650,igrejinha,RS,1399
3031,sao paulo,SP,1400
89287,sao bento do sul,SC,1401
3194,sao paulo,SP,1402
13481,limeira,SP,1403
32315,contagem,MG,1404
31535,belo horizonte,MG,1405
25251,duque de caxias,RJ,1406
38182,araxa,MG,1407
14784,barretos,SP,1408
13311,itu,SP,1409
9271,santo andre,SP,1410
86065,londrina,PR,1411
35501,divinopolis,MG,1412
37048,varginha,MG,1413
9015,santo andre,SP,1414
32604,betim,MG,1415
89460,canoinhas,SC,1416
88801,criciuma,SC,1417
80060,curitiba,PR,1418
83321,pinhais,PR,1419
14940,ibitinga,SP,1420
13570,sao carlos,SP,1421
84010,ponta grossa,PR,1422
13912,jaguariuna,SP,1423
3035,sao paulo,SP,1424
29010,vitoria,ES,1425
35501,divinopolis,MG,1426
22775,rio de janeiro,RJ,1427
14910,tabatinga,SP,1428
30421,belo horizonte,MG,1429
15025,sao jose do rio preto,SP,1430
3550,sao paulo,SP,1431
2022,sao paulo,SP,1432
89251,jaragua do sul,SC,1433
14940,ibitinga,SP,1434
7183,guarulhos,SP,1435
36504,uba,MG,1436
95900,lajeado,RS,1437
14940,ibitinga,SP,1438
51250,recife,PE,1439
31210,belo horizonte,MG,1440
93608,estancia velha,RS,1441
15085,sao jose do rio preto,SP,1442
87043,maringa,PR,1443
13056,campinas,SP,1444
18130,sao roque,SP,1445
37540,santa rita do sapucai,MG,1446
94910,cachoeirinha,RS,1447
36200,barbacena/ minas gerais,MG,1448
82320,curitiba,PR,1449
88301,itajai,SP,1450
3477,sao paulo,SP,1451
9434,ribeirao pires,SP,1452
17560,vera cruz,SP,1453
12914,braganca paulista,SP,1454
32140,contagem,MG,1455
11015,santos,SP,1456
88037,florianopolis,SC,1457
14020,ribeirao preto,SP,1458
99500,carazinho,RS,1459
59152,parnamirim,RN,1460
9560,sao caetano do sul,SP,1461
9810,sao bernardo do campo,SP,1462
1530,sao paulo,SP,1463
13086,campinas,SP,1464
80020,curitiba,PR,1465
85851,foz do iguacu,PR,1466
18074,sorocaba,SP,1467
6080,osasco,SP,1468
6162,osasco,SP,1469
30285,belo horizonte,MG,1470
1210,sao paulo,SP,1471
8710,mogi das cruzes,SP,1472
13322,salto,SP,1473
3568,sao paulo,SP,1474
98803,santo angelo,RS,1475
21941,rio de janeiro,RJ,1476
9060,santo andre,SP,1477
80240,curitiba,PR,1478
14870,jaboticabal,SP,1479
14940,ibitinga,SP,1480
30315,belo horizonte,MG,1481
14315,batatais,SP,1482
87030,maringa,PR,1483
13272,valinhos,SP,1484
3448,sao paulo,SP,1485
1212,sao paulo,SP,1486
12240,sao jose dos campos,SP,1487
4615,sao paulo,SP,1488
15804,catanduva,SP,1489
9360,maua,SP,1490
7241,guarulhos,SP,1491
82515,curitiba,PR,1492
87140,paincandu,PR,1493
13087,campinas,SP,1494
88136,palhoca,SP,1495
13503,rio claro,SP,1496
8752,mogi das cruzes,SP,1497
9163,santo andre,SP,1498
2750,sao paulo,SP,1499
20910,rio de janeiro,RJ,1500
28605,nova friburgo,RJ,1501
13322,salto,SP,1502
5713,sao paulo,SP,1503
2925,sao paulo,SP,1504
25803,tres rios,RJ,1505
15130,mirassol,SP,1506
5083,sao paulo,SP,1507
13043,campinas,SP,1508
30620,belo horizonte,MG,1509
1042,sao paulo,SP,1510
12228,sao jose dos campos,SP,1511
9111,santo andre,SP,1512
15170,tanabi,SP,1513
3470,sao paulo,SP,1514
74645,goiania,GO,1515
36500,uba,MG,1516
13660,portoferreira,SP,1517
26125,belford roxo,RJ,1518
3643,sao paulo,SP,1519
18080,sorocaba,SP,1520
4810,sao paulo,SP,1521
7032,guarulhos,SP,1522
14312,batatais,SP,1523
2737,sao paulo,SP,1524
6449,barueri,SP,1525
4255,sao paulo,SP,1526
8410,sao paulo,SP,1527
7074,guarulhos,SP,1528
18087,sorocaba,SP,1529
4403,sao paulo,SP,1530
14940,ibitinga,SP,1531
13360,capivari,SP,1532
14806,araraquara,SP,1533
71691,brasilia,DF,1534
14802,araraquara,SP,1535
13257,itatiba,SP,1536
70767,brasilia,DF,1537
4534,sao paulo,SP,1538
21041,rio de janeiro,RJ,1539
87114,sarandi,PR,1540
8223,sao paulo,SP,1541
5767,sao paulo,SP,1542
18110,votorantim,SP,1543
22790,rio de janeiro,RJ,1544
6700,cotia,SP,1545
3520,sao paulo,SP,1546
13920,pedreira,SP,1547
14140,cravinhos,SP,1548
80310,curitiba,PR,1549
80710,curitiba,PR,1550
73020,brasilia,DF,1551
8140,sao paulo,SP,1552
89803,chapeco,SP,1553
75650,morrinhos,GO,1554
1545,sao paulo,SP,1555
14709,bebedouro,SP,1556
29032,vitoria,ES,1557
74560,goiania,GO,1558
89201,joinville,SC,1559
6268,osasco,SP,1560
95913,lajeado,RS,1561
83507,almirante tamandare,PR,1562
19025,presidente prudente,SP,1563
4719,sao paulo,SP,1564
14781,barretos,SP,1565
11250,bertioga,SP,1566
2941,sao paulo,SP,1567
1022,sao paulo,SP,1568
94451,viamao,RS,1569
2537,sao paulo,SP,1570
60110,fortaleza,CE,1571
59077,natal,RN,1572
2972,sao paulo,SP,1573
13210,jundiai,SP,1574
15155,jaci,SP,1575
37704,pocos de caldas,MG,1576
86702,arapongas,PR,1577
95800,venancio aires,RS,1578
20930,rio de janeiro,RJ,1579
30150,belo horizonte,MG,1580
4130,sao paulo - sp,SP,1581
81530,curitiba,PR,1582
14940,ibitinga,SP,1583
82540,curitiba,PR,1584
86800,apucarana,PR,1585
31255,belo horizont,MG,1586
13481,limeira,SP,1587
81350,curitiba,PR,1588
21340,rio de janeiro,RJ,1589
90240,porto alegre,RS,1590
5138,sao paulo,SP,1591
21210,rio de janeiro,RJ,1592
7025,guarulhos,SP,1593
1035,sao paulo,SP,1594
3655,sao paulo,SP,1595
13848,mogi guacu,SP,1596
13560,sao carlos,SP,1597
87900,loanda,PR,1598
4141,sao paulo,SP,1599
14808,araraquara,SP,1600
80430,curitiba,PR,1601
85804,cascavel,PR,1602
4133,sao paulo,SP,1603
93900,ivoti,RS,1604
3635,sao paulo,SP,1605
4424,sao paulo,SP,1606
30170,belo horizonte,MG,1607
80010,curitiba,PR,1608
8180,sao paulo,SP,1609
3589,sao paulo,SP,1610
86385,andira-pr,PR,1611
9572,sao caetano do sul,SP,1612
58073,joao pessoa,PB,1613
89120,timbo,SC,1614
4361,sao paulo,SP,1615
81350,curitiba,PR,1616
15840,itajobi,SP,1617
6154,osasco,SP,1618
3933,sao paulo,SP,1619
90220,porto alegre,RS,1620
86706,arapongas,PR,1621
9130,santo andre,SP,1622
7400,aruja,SP,1623
13560,sao carlos,SP,1624
18611,botucatu,SP,1625
88132,palhoca,SC,1626
88330,balneario camboriu,SC,1627
11704,praia grande,SP,1628
32604,betim,MG,1629
3820,sao paulo,SP,1630
35570,formiga,MG,1631
93700,campo bom,RS,1632
1131,sao paulo,SP,1633
6780,taboao da serra,SP,1634
6132,osasco,SP,1635
1127,sao paulo,SP,1636
18760,cerqueira cesar,SP,1637
12952,atibaia,SP,1638
15845,marapoama,SP,1639
95885,imigrante,RS,1640
80740,curitiba,PR,1641
18120,mairinque,SP,1642
83020,sao jose dos pinhais,SP,1643
13570,sao carlos,SP,1644
1207,sao paulo sp,SP,1645
4558,sao paulo,SP,1646
95020,caxias do sul,RS,1647
13843,mogi guacu,SP,1648
1039,sao paulo,SP,1649
20081,rio de janeiro / rio de janeiro,RJ,1650
90670,porto alegre,RS,1651
9070,santo andre,SP,1652
89219,joinville,SC,1653
4571,sao paulo,SP,1654
13170,sumare,SP,1655
95910,lajeado,RS,1656
37795,andradas,SP,1657
87015,maringa,PR,1658
2611,sao paulo,SP,1659
35501,divinopolis,MG,1660
4123,sao paulo,SP,1661
2316,sao paulo,SP,1662
22745,rio de janeiro,RJ,1663
26230,nova iguacu,RJ,1664
12327,jacarei,SP,1665
9931,diadema,SP,1666
9190,sando andre,SP,1667
80320,curitiba,PR,1668
85906,toledo,PR,1669
25070,duque de caxias,RJ,1670
3178,sao paulo,SP,1671
14403,franca,SP,1672
72580,brasilia,DF,1673
13382,nova odessa,SP,1674
6420,barueri,SP,1675
5413,sao paulo,SP,1676
50751,recife,PE,1677
13145,paulinia,SP,1678
15502,votuporanga,SP,1679
37640,extrema,MG,1680
15400,olimpia,SP,1681
13486,limeira,SP,1682
1311,sao paulo,SP,1683
4142,sao paulo,SP,1684
7112,guarulhos,SP,1685
9015,santo andre,SP,1686
23943,angra dos reis rj,RJ,1687
9015,santo andre,SP,1688
6763,taboao da serra,SP,1689
1129,sao paulo,SP,1690
6180,osasco,SP,1691
88359,brusque,SC,1692
86020,londrina,PR,1693
31160,belo horizonte,MG,1694
85904,toledo,PR,1695
87505,umuarama,PR,1696
5008,sao paulo,SP,1697
16200,birigui,SP,1698
4142,sao paulo,SP,1699
60025,fortaleza,CE,1700
24855,rio de janeiro,RJ,1701
82400,curitiba,PR,1702
80050,curitiba,PR,1703
74230,goiania,GO,1704
99670,ronda alta,RS,1705
5303,sao  paulo,SP,1706
2030,sao paulo,SP,1707
3185,sao paulo,SP,1708
2976,sao paulo,SP,1709
11370,sao vicente,SP,1710
88704,tubarao,SC,1711
14940,ibitinga,SP,1712
83327,pinhais/pr,PR,1713
93180,portao,RS,1714
13145,paulinia,SP,1715
13478,americana,SP,1716
81810,curitiba,PR,1717
11900,registro,SP,1718
35570,formiga,MG,1719
86065,londrina,PR,1720
81320,curitiba,PR,1721
3561,sao paulo,SP,1722
4445,sao paulo,SP,1723
80220,curitiba,PR,1724
89030,blumenau,SC,1725
81730,curitiba,PR,1726
21041,rio de janeiro,RJ,1727
19023,presidente prudente,SP,1728
9687,ao bernardo do campo,SP,1729
8452,sao paulo,SP,1730
6060,osasco,SP,1731
82510,curitiba,PR,1732
92010,canoas,RS,1733
14090,ribeirao preto,SP,1734
8032,sao paulo,SP,1735
37564,borda da mata,MG,1736
1319,sao paulo,SP,1737
28630,nova friburgo,RJ,1738
9912,diadema,SP,1739
35557,carmo do cajuru,MG,1740
14940,ibitinga,SP,1741
3951,sao paulo,SP,1742
7123,guarulhos,SP,1743
84020,ponta grossa,PR,1744
8431,sao paulo,SP,1745
4773,sao paulo,SP,1746
6268,osasco,SP,1747
3423,sao paulo,SP,1748
2611,sao paulo,SP,1749
22061,rio de janeiro,RJ,1750
5424,sao paulo,SP,1751
80030,curitiba,PR,1752
6807,embu das artes,SP,1753
80045,curitiba,PR,1754
15940,fernando prestes,SP,1755
39801,castro pires,MG,1756
3520,sao paulo,SP,1757
13806,mogi mirim,SP,1758
13880,vargem grande do sul,SP,1759
3638,sao paulo,SP,1760
4310,sao paulo,SP,1761
5181,sao paulo,SP,1762
80710,curitiba,PR,1763
88061,florianopolis,SC,1764
7082,guarulhos,SP,1765
13060,campinas,SP,1766
5594,sao paulo,SP,1767
9721,sao bernardo do campo,SP,1768
13500,rio claro,SP,1769
82940,curitiba,PR,1770
17580,pompeia,SP,1771
15502,votuporanga,SP,1772
98975,campina das missoes,RS,1773
14110,ribeirao preto,SP,1774
3658,sao paulo,SP,1775
1206,sao paulo,SP,1776
80730,curitiba,PR,1777
18015,sorocaba,SP,1778
4708,sao paulo,SP,1779
88802,criciuma,SC,1780
74565,goiania,GO,1781
12940,atibaia,SP,1782
12062,taubate,SP,1783
2955,sao paulo,SP,1784
14079,ribeirao preto,SP,1785
4773,sao paulo,SP,1786
6340,carapicuiba,SP,1787
28941,sao pedro da aldeia,RJ,1788
83323,pinhais,PR,1789
14940,ibitinga,SP,1790
13321,salto,SP,1791
17510,marilia,SP,1792
6455,barueri,SP,1793
14530,miguelopolis,SP,1794
72304,brasilia,DF,1795
3701,sao paulo,SP,1796
2470,sao paulo,SP,1797
52020,recife,PE,1798
13070,campinas,SP,1799
6330,carapicuiba,SP,1800
18053,sorocaba,SP,1801
3187,sao paulo,SP,1802
7600,mairipora,SP,1803
15810,catanduva,SP,1804
82620,curitiba,PR,1805
2050,sao paulo,SP,1806
4367,sao paulo,SP,1807
17230,itapui,SP,1808
13033,campinas,SP,1809
25730,petropolis,RJ,1810
13023,campinas,SP,1811
2134,sao paulo,SP,1812
37135,alfenas,MG,1813
3006,sao paulo,SP,1814
9861,sbc,SP,1815
80330,curitiba,PR,1816
3265,sao paulo,SP,1817
80220,curitiba,PR,1818
24710,sao goncalo,RJ,1819
86076,londrina,SP,1820
4905,sao paulo,SP,1821
13920,pedreira,SP,1822
15806,catanduva,SP,1823
21545,rio de janeiro,RJ,1824
37564,borda da mata,MG,1825
37795,andradas,MG,1826
49980,neopolis,SE,1827
8599,itaquaquecetuba,SP,1828
17320,mineiros do tiete,SP,1829
13224,varzea paulista,SP,1830
3563,sao paulo,SP,1831
7859,franco da rocha,SP,1832
13500,rio claro,SP,1833
6332,carapicuiba,SP,1834
13212,jundiai,SP,1835
82400,curitiba,PR,1836
14092,ribeirao preto,SP,1837
14075,ribeirao preto,SP,1838
34006,nova lima,MG,1839
36201,barbacena,MG,1840
12238,sao jose dos campos,SP,1841
9360,maua,SP,1842
7747,caieiras,SP,1843
4160,sao paulo,SP,1844
9725,sao bernardo do campo,SP,1845
9131,santo andre,SP,1846
15290,buritama,SP,1847
14407,franca,SP,1848
87504,umuarama,PR,1849
75650,morrinhos,GO,1850
99700,erechim,RS,1851
18200,itapetininga,SP,1852
4710,sao paulo,SP,1853
3631,sao paulo,SP,1854
12240,sao jose dos campos,SP,1855
13835,conchal,SP,1856
8270,sao paulo,SP,1857
89870,pinhalzinho,SC,1858
18015,sorocaba,SP,1859
90230,porto alegre,RS,1860
3062,sao paulo,SP,1861
12224,sao jose dos campos,SP,1862
13690,descalvado,SP,1863
11075,santos,SP,1864
85200,pitanga,PR,1865
22793,rio de janeiro,RJ,1866
4870,sao paulo,SP,1867
80230,curitiba,PR,1868
9210,santo andre,SP,1869
13070,campinas,SP,1870
13880,vargem grande do sul,SP,1871
1209,sao paulo,SP,1872
88354,brusque,SC,1873
13405,piracicaba,SP,1874
4365,sao paulo,SP,1875
17515,marilia,SP,1876
3134,sao paulo,SP,1877
95020,caxias do sul,RS,1878
96400,bage,RS,1879
3667,sao paulo,SP,1880
5126,sao paulo,SP,1881
86600,rolandia,PR,1882
89190,taio,SC,1883
6803,embu das artes,SP,1884
3210,sao paulo,SP,1885
18025,sorocaba,SP,1886
16200,birigui,SP,1887
1026,sao paulo,SP,1888
4058,sao paulo,SP,1889
16021,sp,SP,1890
13457,santa barbara d'oeste,SP,1891
14020,ribeirao preto,SP,1892
19800,assis,SP,1893
25645,petropolis,RJ,1894
4319,sao paulo,SP,1895
38701,patos de minas,MG,1896
3916,sao paulo,SP,1897
7077,garulhos,SP,1898
30270,belo horizonte,MG,1899
82640,curitiba,PR,1900
89117,gaspar,SC,1901
14940,ibitinga,SP,1902
85601,francisco beltrao,PR,1903
87030,maringa,PR,1904
1511,sao paulo,SP,1905
80240,curitiba,SP,1906
17514,marilia,SP,1907
2013,sao paulo,SP,1908
18200,itapetininga,SP,1909
35530,claudio,MG,1910
13240,jarinu,SP,1911
13347,indaiatuba,SP,1912
15025,sao jose do rio preto,SP,1913
14057,ribeirao preto,SP,1914
38402,uberlandia,MG,1915
31920,belo horizonte,MG,1916
1215,sao paulo,SP,1917
82510,curitiba,PR,1918
95150,nova petropolis,RS,1919
13454,santa barbara d'oeste,SP,1920
14079,ribeirao preto / sao paulo,SP,1921
4276,sao paulo,SP,1922
13506,rio claro,SP,1923
15807,catanduva,SP,1924
88340,camboriu,SC,1925
14076,ribeirao preto,SP,1926
88270,nova trento,SC,1927
18103,sorocaba,SP,1928
96020,pelotas,RS,1929
82510,curitiba,PR,1930
65072,sao luis,MA,1931
2285,sao paulo,SP,1932
86039,londrina,PR,1933
81770,curitiba,PR,1934
19013,presidente prudente,SP,1935
22775,rio de janeiro,RJ,1936
3963,sao paulo,SP,1937
15051,sao jose do rio pret,SP,1938
13160,artur nogueira,SP,1939
19806,assis,SP,1940
8275,sao paulo,SP,1941
13420,sao paulo,SP,1942
13330,indaiatuba,SP,1943
88102,sao jose,SC,1944
70070,brasilia,DF,1945
61760,eusebio,CE,1946
89069,blumenau,SC,1947
95800,venancio aires,RS,1948
85880,itaipulandia,PR,1949
7056,guarulhos,SP,1950
9111,santo andre,SP,1951
3378,sao paulo,SP,1952
13040,campinas,SP,1953
4850,sao paulo,SP,1954
87025,maringa,PR,1955
80540,curitiba,PR,1956
85601,francisco beltrao,PR,1957
83402,colombo,PR,1958
14940,ibitinga,SP,1959
86010,londrina,PR,1960
3431,sao paulo,SP,1961
14096,ribeirao preto,SP,1962
31210,belo horizonte,MG,1963
9541,sao caetano do sul,SP,1964
14090,ribeirao preto,SP,1965
15076,sao jose do rio preto,SP,1966
13070,campinas,SP,1967
5424,sao paulo,SP,1968
15093,sao jose do rio preto,SP,1969
93347,novo hamburgo,RS,1970
44600,ipira,BA,1971
2119,sao paulo,SP,1972
88306,itajai,SC,1973
52010,recife,PE,1974
83280,guaratuba,PR,1975
8290,sao paulo,SP,1976
83535,campo magro,PR,1977
3052,sao paulo,SP,1978
36325,tiradentes,MG,1979
30270,belo horizonte,MG,1980
13076,campinas,SP,1981
82515,curitiba,PR,1982
13456,santa barbara d'oeste,SP,1983
15075,sao jose do rio preto,SP,1984
19804,assis,SP,1985
8050,sao paluo,SP,1986
87060,maringa,PR,1987
11442,guaruja,SP,1988
4367,sao paulo,SP,1989
26051,rio de janeiro,RJ,1990
87040,maringa,PR,1991
5061,sao paulo,SP,1992
85801,cascavel,PR,1993
13215,jundiai,SP,1994
83823,fazenda rio grande,PR,1995
37443,baependi,MG,1996
9170,santo andre,SP,1997
81070,curitiba,PR,1998
88090,florianopolis,SC,1999
81260,curitiba,PR,2000
4756,sao paulo,SP,2001
31255,belo horizonte,MG,2002
3809,sao paulo,SP,2003
14085,ribeirao preto,SP,2004
9812,sao bernardo do campo,SP,2005
5734,sao paulo,SP,2006
6900,embu guacu,SP,2007
24445,sao goncalo,RJ,2008
3461,sao paulo,SP,2009
35530,claudio,MG,2010
5763,sao paulo,SP,2011
72318,brasilia,DF,2012
17011,bauru,SP,2013
14085,ribeirao preto,SP,2014
79104,campo grande,MS,2015
9720,sao bernardo do campo,SP,2016
2451,sao paulo,SP,2017
85200,pitanga,PR,2018
3962,sao paulo,SP,2019
4282,sao paulo,SP,2020
6276,osasco,SP,2021
1021,sao paulo,SP,2022
86703,arapongas,PR,2023
14403,franca,SP,2024
11701,praia grande,SP,2025
14940,ibitinga,SP,2026
8226,sao paulo,SP,2027
9530,sao caetano do sul,SP,2028
3001,sao paulo,SP,2029
17056,bauru,SP,2030
4843,sao paulo,SP,2031
31520,belo horizonte,MG,2032
9350,maua,SP,2033
88075,florianopolis,SP,2034
14401,franca,SP,2035
38408,uberlandia,MG,2036
13456,santa barbara d'oeste,SP,2037
1550,sao paulo,SP,2038
74343,goiania,GO,2039
7133,guarulhos,SP,2040
81050,curitiba,PR,2041
89251,jaragua do sul,SC,2042
96530,paraiso do sul,RS,2043
12570,aparecida,SP,2044
18015,sorocaba,SP,2045
36773,cataguases,MG,2046
2634,sao paulo,SP,2047
82520,curitiba,PR,2048
44600,ipira,SP,2049
17250,bariri,SP,2050
36300,sao joao del rei,MG,2051
12231,sao jose dos campos,SP,2052
13177,sumare,SP,2053
13465,americana,SP,2054
32185,contagem,MG,2055
3647,sao paulo,SP,2056
8710,mogi das cruzes,SP,2057
14940,ibitinga,SP,2058
4809,sao paulo,SP,2059
13900,amparo,SP,2060
27353,barra mansa,RJ,2061
88306,itajai,SC,2062
4362,sao paulo,SP,2063
29150,cariacica,ES,2064
11707,praia grande,SP,2065
20910,rio de janeiro,RJ,2066
3171,sao paulo,SP,2067
75345,abadia de goias,GO,2068
89165,rio do sul,SC,2069
13504,rio claro,SP,2070
3573,sao paulo,SP,2071
3929,sao paulo,SP,2072
85905,toledo,PR,2073
3191,sao paulo,SP,2074
7077,guarulhos,SP,2075
16074,aracatuba,SP,2076
17512,marilia,SP,2077
93425,novo hamburgo,RS,2078
13473,americana,SP,2079
30170,belo horizonte,MG,2080
3410,sao paulo,SP,2081
1552,sao paulo,SP,2082
91910,porto alegre,RS,2083
4763,sao paulo,SP,2084
12230,sao jose dos campos,SP,2085
6409,barueri,SP,2086
83005,sao jose dos pinhais,PR,2087
97110,santa maria,RS,2088
4276,sao paulo,SP,2089
13560,sao carlos,SP,2090
81520,curitiba,PR,2091
74550,goiania,GO,2092
85865,foz do iguacu,PR,2093
4137,sao paulo,SP,2094
88135,palhoca,SC,2095
92020,canoas,RS,2096
37410,tres coracoes,MG,2097
13660,porto ferreira,SP,2098
4106,sao paulo,SP,2099
31340,contagem,MG,2100
14075,ribeirao preto,SP,2101
9570,sao caetano do sul,SP,2102
87060,maringa,PR,2103
11013,santos,SP,2104
37006,varginha,MG,2105
99500,carazinho,RS,2106
6097,osasco,SP,2107
14940,ibitinga,SP,2108
8280,sao paulo,SP,2109
17580,pompeia,SP,2110
30431,belo horizonte,MG,2111
13800,mogi mirim,SP,2112
12308,jacarei,SP,2113
8290,sao paulo,SP,2114
3872,sao paulo,SP,2115
18220,alambari,SP,2116
1156,sao paulo,SP,2117
18683,lencois paulista,SP,2118
16012,aracatuba,SP,2119
87005,maringa,PR,2120
17700,osvaldo cruz,SP,2121
85807,cascavel,PR,2122
76900,ji parana,RO,2123
15030,sao jose do rio preto,SP,2124
27700,vassouras,RJ,2125
17350,igaracu do tiete,SP,2126
13215,jundiai,SP,2127
12600,lorena,SP,2128
89136,rodeio,SC,2129
13290,louveira,SP,2130
15803,catanduva,SP,2131
39740,guanhaes,MG,2132
17506,marilia,SP,2133
89215,joinville,SC,2134
28470,santo antonio de padua,RJ,2135
14940,ibitinga,SP,2136
87020,maringa,PR,2137
6040,osasco,SP,2138
12924,braganca paulista,SP,2139
89150,presidente getulio,SC,2140
12995,pinhalzinho,SP,2141
89620,campos novos,SC,2142
4273,sao paulo,SP,2143
2150,sao paulo,SP,2144
45820,eunapolis,BA,2145
13482,limeira,SP,2146
13165,engenheiro coelho,SP,2147
8011,sao paulo,SP,2148
13390,rio das pedras,SP,2149
89220,joinville,SC,2150
3147,sao paulo,SP,2151
6663,itapevi,SP,2152
15601,fernandopolis,SP,2153
29600,afonso claudio,ES,2154
18279,tatui,SP,2155
5170,sao paulo,SP,2156
15055,sao jose do rio preto,SP,2157
4476,sao paulo,SP,2158
2030,sao paulo,SP,2159
13040,campinas,SP,2160
3017,sao paulo,SP,2161
85810,cascavel,PR,2162
6311,carapicuiba / sao paulo,SP,2163
13154,cosmopolis,SP,2164
15050,sao jose do rio preto,SP,2165
13480,limeira,SP,2166
13084,campinas,SP,2167
6186,osasco,SP,2168
89046,blumenau,SC,2169
38414,uberlandia,MG,2170
24020,niteroi,RJ,2171
4251,sao paulo,SP,2172
80045,curitiba,PR,2173
86800,apucarana,PR,2174
4424,sao paulo,SP,2175
4293,sao paulo,SP,2176
6317,carapicuiba,SP,2177
35170,coronel fabriciano,MG,2178
30240,belo horizonte,MG,2179
85813,cascavel,PR,2180
81900,curitiba,PR,2181
2963,sao paulo,SP,2182
7412,aruja,SP,2183
35660,centro,MG,2184
19815,assis,SP,2185
4904,sao paulo,SP,2186
89225,joinville,SC,2187
8275,sao paulo,SP,2188
87083,parana,PR,2189
89080,indaial,SC,2190
90630,porto alegre,RS,2191
88215,bombinhas,SC,2192
13140,paulinia,SP,2193
40368,salvador,BA,2194
3345,sao paulo,SP,2195
6283,osasco,SP,2196
13360,capivari,SP,2197
6696,itapevi,SP,2198
14401,franca,SP,2199
24240,niteroi,RJ,2200
9220,santo andre,SP,2201
87050,maringa,PR,2202
9921,diadema,SP,2203
13880,vargem grande do sul,SP,2204
22051,rio de janeiro,RJ,2205
7084,guarulhos,SP,2206
3029,sao paulo,SP,2207
3426,sao paulo,SP,2208
32280,contagem,MG,2209
15013,sao jose do rio preto,SP,2210
14940,ibitinga,SP,2211
4937,sao paulo,SP,2212
14620,orlandia,SP,2213
13405,piracicaba,SP,2214
18401,itapeva,SP,2215
35700,sete lagoas,MG,2216
13418,piracicaba,SP,2217
7140,guarulhos,SP,2218
12940,atibaia,SP,2219
9280,santo andre,SP,2220
11600,sao sebastiao,SP,2221
3976,sao paulo,SP,2222
16500,cafelandia,SP,2223
17290,macatuba,SP,2224
11707,praia grande,SP,2225
13908,amparo,SP,2226
89560,videira,SC,2227
72251,brasilia,DF,2228
88137,palhoca,SC,2229
13870,sao joao da boa vista,SP,2230
2236,sao paulo,SP,2231
88813,criciuma,SC,2232
84530,teixeira soares,PR,2233
26551,mesquita,RJ,2234
15600,fernandopolis,SP,2235
81720,curitiba,PR,2236
2544,sao paulo,SP,2237
87160,mandaguacu,PR,2238
83823,fazenda rio grande,PR,2239
2710,sao paulo,SP,2240
86040,londrina,PR,2241
25957,teresopolis,RJ,2242
17606,sao paulo,SP,2243
87015,maringa,PR,2244
89180,rio do oeste,SC,2245
3804,sao paulo,SP,2246
13339,indaiatuba,SP,2247
88330,balneario camboriu,SC,2248
13403,piracicaba,SP,2249
83280,guaratuba,PR,2250
1403,sao paulo,SP,2251
14802,araraquara,SP,2252
88135,palhoca,SC,2253
7176,guarulhos,SP,2254
81510,curitiba,PR,2255
12215,sao jose dos campos,SP,2256
13573,sao carlos,SP,2257
11010,santos,SP,2258
87025,vendas@creditparts.com.br,PR,2259
28950,armacao dos buzios,RJ,2260
4714,sao paulo,SP,2261
5127,sao paulo,SP,2262
35670,mateus leme,MG,2263
3581,sao paulop,SP,2264
87083,maringa,PR,2265
1408,sao paulo,SP,2266
6766,taboao da serra,SP,2267
14940,ibitinga,SP,2268
11431,guaruja,SP,2269
36087,juiz de fora,MG,2270
4438,sao paulo,SP,2271
74305,goiania,GO,2272
9041,santo andre,SP,2273
13232,campo limpo paulista,SP,2274
13960,socorro,SP,2275
2475,sao paulo,SP,2276
85603,francisco beltrao,PR,2277
13070,campinas,SP,2278
13271,valinhos,SP,2279
1512,sao paulo,SP,2280
29161,serra,ES,2281
83450,bocaiuva do sul,PR,2282
3304,sao paulo,SP,2283
3273,sao paulo,SP,2284
17051,bauru,SP,2285
31573,belo horizonte,MG,2286
13471,americana,SP,2287
45658,ilheus,BA,2288
88715,jaguaruna,SC,2289
13911,jaguariuna,SP,2290
6440,barueri,SP,2291
15015,sao jose do rio preto,SP,2292
95780,montenegro,RS,2293
14940,ibitinga,SP,2294
13097,campinas,SP,2295
2279,sao paulo,SP,2296
24440,sao goncalo,RJ,2297
5743,sao paulo,SP,2298
89203,joinville,SC,2299
32240,contagem,MG,2300
5595,sao paulo,SP,2301
13505,rio claro,SP,2302
4291,sao paulo,SP,2303
2110,sao paulo,SP,2304
8577,itaquaquecetuba,SP,2305
8420,sao paulo,SP,2306
17018,bauru,SP,2307
95625,imbe,RS,2308
6419,barueri,SP,2309
4101,sao paulo,SP,2310
6150,osasco,SP,2311
2113,sao paulo,SP,2312
83323,pinhais,PR,2313
9090,santo andre,SP,2314
5043,sao paulo,SP,2315
83602,campo largo,PR,2316
14021,ribeirao preto,SP,2317
95020,caxias do sul,RS,2318
99300,soledade,RS,2319
31035,belo horizonte,MG,2320
7790,cajamar,SP,2321
72015,brasilia,DF,2322
3725,sao paulo,SP,2323
88303,itajai,SC,2324
14801,araraquara,SP,2325
35700,sete lagoas,MG,2326
36032,juiz de fora,MG,2327
89295,rio negrinho,SC,2328
5530,sao paulo,SP,2329
6018,osasco,SP,2330
13840,mogi guacu,SP,2331
16250,clementina,SP,2332
1023,sao paulo,SP,2333
2610,sao paulo,SP,2334
15070,sao jose do rio preto,SP,2335
71825,brasilia,DF,2336
4250,sao paulo,SP,2337
1220,sao paulo,SP,2338
9175,santo andre,SP,2339
18044,sorocaba,SP,2340
13450,santa barbara d´oeste,SP,2341
25035,duque de caxias,RJ,2342
14780,barretos,SP,2343
86047,londrina,PR,2344
7901,francisco morato,SP,2345
13232,campo limpo paulista,SP,2346
13408,piracicaba,SP,2347
96203,rio grande,RS,2348
89041,blumenau,SC,2349
93510,novo hamburgo,RS,2350
2752,sao paulo,SP,2351
87040,maringa,PR,2352
89825,xaxim,SC,2353
13043,campinas,SP,2354
18550,boituva,SP,2355
20061,rio de janeiro,RJ,2356
1257,sao paulo,SP,2357
87025,maringa,PR,2358
14020,ribeirao preto,SP,2359
80215,curitiba,PR,2360
74210,goiania,GO,2361
89160,rio do sul,SC,2362
4911,sao paulo,SP,2363
1031,sao paulo,SP,2364
80230,curitiba,PR,2365
9340,maua,SP,2366
69005,manaus,AM,2367
3542,sao paulo,SP,2368
2411,sao paulo,SP,2369
5455,sao paulo,SP,2370
15115,bady bassitt,SP,2371
24120,niteroi,RJ,2372
1314,sao paulo,SP,2373
25900,rio de janeiro,RJ,2374
87240,terra boa,PR,2375
8011,sao paulo,SP,2376
13660,porto ferreira,SP,2377
18608,botucatu,SP,2378
15070,sao jose do rio preto,SP,2379
78020,cuiaba,MT,2380
37165,minas gerais,MG,2381
4083,sao paulo,SP,2382
18130,sao roque,SP,2383
6694,itapevi,SP,2384
6790,taboao da serra,SP,2385
89023,blumenau,SC,2386
9720,sao bernardo do campo,SP,2387
29160,serra,ES,2388
2066,sao paulo,SP,2389
87050,maringa,PR,2390
13347,indaiatuba,SP,2391
4265,sao paulo,SP,2392
87502,umuarama,PR,2393
13920,pedreira,SP,2394
3560,sao paulo,SP,2395
13160,artur nogueira,SP,2396
18701,avare,SP,2397
17400,garca,SP,2398
32419,ibirite,MG,2399
83607,campo largo,PR,2400
3731,sao paulo,SP,2401
14401,franca,SP,2402
31710,belo horizonte,MG,2403
83405,colombo,PR,2404
14790,guaira,SP,2405
14940,ibitinga,SP,2406
4660,sao paulo,SP,2407
13347,indaiatuba,SP,2408
82315,curitiba,PR,2409
3658,sao paulo,SP,2410
6715,cotia,SP,2411
32604,betim,MG,2412
89063,blumenau,SC,2413
8030,sao paulo,SP,2414
36046,juiz de fora,MG,2415
2334,sao paulo,SP,2416
14401,franca,SP,2417
4851,sao paulo,SP,2418
85875,santa terezinha de itaipu,PR,2419
20761,rio de janeiro,RJ,2420
17370,santa maria da serra,SP,2421
15350,auriflama,SP,2422
9710,sao bernardo do campo,SP,2423
31525,belo horizonte,MG,2424
16200,birigui,SP,2425
25720,petropolis,RJ,2426
88704,tubarao,SC,2427
79112,campo grande,MS,2428
17300,dois corregos,SP,2429
97110,santa maria,RS,2430
3168,sao paulo,SP,2431
98290,condor,RS,2432
13414,piracicaba,SP,2433
13251,itatiba,SP,2434
14940,ibitinga,SP,2435
6539,santana de parnaiba,SP,2436
80010,curitiba,PR,2437
38401,uberlandia,MG,2438
74590,goiania,GO,2439
85875,santa terezinha de itaipu,PR,2440
72210,brasilia,DF,2441
38700,patos de minas,MG,2442
15056,sao jose do rio preto,SP,2443
20950,rio de janeiro,RJ,2444
38950,ibia,MG,2445
16208,birigui,SP,2446
80250,curitiba,PR,2447
7192,guarulhos,SP,2448
85801,cascavel,PR,2449
13272,valinhos,SP,2450
14021,ribeirao preto,SP,2451
4679,sao paulo,SP,2452
1421,sao paulo,SP,2453
46430,guanambi,BA,2454
61658,caucaia,CE,2455
89052,blumenau,SP,2456
87013,maringa,PR,2457
89650,treze tilias,SC,2458
89819,cordilheira alta,SC,2459
35547,carmo da mata,MG,2460
88370,navegantes,SC,2461
92030,canoas,RS,2462
35400,ouro preto,MG,2463
14940,ibitinga,SP,2464
33600,pedro leopoldo,MG,2465
87070,maringa,PR,2466
5571,sao paulo,SP,2467
8270,sao paulo,SP,2468
3111,sao paulo,SP,2469
14270,santa rosa de viterbo,SP,2470
89036,blumenau,SC,2471
4708,sao paulo,SP,2472
89820,xanxere,SC,2473
90620,porto alegre,RS,2474
35500,divinopolis,MG,2475
7411,sao paulo,SP,2476
7023,guarulhos,SP,2477
80310,curitiba,PR,2478
19160,alvares machado,SP,2479
21840,rio de janeiro,RJ,2480
30390,belo horizonte,MG,2481
18060,sorocaba,SP,2482
88132,palhoca,SC,2483
83408,colombo,PR,2484
13720,scao jose do rio pardo,SP,2485
87015,maringa,PR,2486
9180,santo andre,SP,2487
9785,sao bernardo do campo,SP,2488
19806,assis,SP,2489
11709,praia grande,SP,2490
21510,rio de janeiro,RJ,2491
14850,pradopolis,SP,2492
4547,sao paulo,SP,2493
14070,ribeirao preto,SP,2494
31110,belo horizonte,MG,2495
81460,curitiba,PR,2496
13206,jundiai,SP,2497
4104,sao paulo,SP,2498
3106,sao paulo,SP,2499
1123,sao paulo,SP,2500
30130,belo horizonte,MG,2501
98780,santa rosa,RS,2502
89520,curitibanos,SC,2503
18500,laranjal paulista,SP,2504
14093,ribeirao preto,SP,2505
14096,ribeirao preto,SP,2506
14940,ibitinga,SP,2507
3124,sao paulo,SP,2508
18015,sorocaba,SP,2509
36010,juiz de fora,MG,2510
81020,curitiba,SP,2511
3182,sao paulo,SP,2512
7124,guarulhos,SP,2513
7024,guarulhos,SP,2514
13140,paulinia,SP,2515
15061,sao jose do rio preto,SP,2516
21740,rio de janeiro,RJ,2517
14090,ribeirao preto,SP,2518
22640,rio de janeiro,RJ,2519
7013,guarulhos,SP,2520
38442,araguari,MG,2521
33940,ribeirao das neves,MG,2522
9551,sao caetano do sul,SP,2523
93348,novo hamburgo,RS,2524
14015,sao paulo,SP,2525
18017,sorocaba,SP,2526
37704,pocos de caldas,MG,2527
18076,sorocaba,SP,2528
81560,curitiba,PR,2529
3334,sao paulo,SP,2530
15155,jaci,SP,2531
38400,uberlandia,MG,2532
32310,contagem,MG,2533
90240,porto alegre,RS,2534
20040,rio de janeiro,RJ,2535
3063,sao paulo,SP,2536
5141,sp,SP,2537
1452,sao paulo,SP,2538
29315,cachoeiro de itapemirim,ES,2539
17017,bauru,SP,2540
85884,medianeira,PR,2541
88490,paulo lopes,SC,2542
5756,sao paulo,SP,2543
5302,sao paulo,SP,2544
95270,flores da cunha,RS,2545
25530,sao joao de meriti,RJ,2546
89108,massaranduba,SC,2547
11430,guaruja,SP,2548
2614,sao paulo,SP,2549
4270,sao paulo,SP,2550
60348,fortaleza,CE,2551
2415,sao paulo,SP,2552
13360,capivari,SP,2553
86300,cornelio procopio,PR,2554
12243,sao jose dos campos,SP,2555
95013,caxias do sul,RS,2556
2422,sao paulo,SP,2557
32315,contagem,MG,2558
95098,caxias do sul,RS,2559
2028,sao paulo,SP,2560
87050,maringa,PR,2561
3971,sao paulo,SP,2562
13060,campinas,SP,2563
13487,limeira,SP,2564
8430,sao paulo,SP,2565
12331,jacarei,SP,2566
8500,ferraz de vasconcelos,SP,2567
13090,campinas,SP,2568
14020,ribeirao preto,SP,2569
4516,sao paulo,SP,2570
89065,blumenau,SC,2571
3318,sao paulo,SP,2572
30668,belo horizonte,MG,2573
5141,pirituba,SP,2574
4209,sao paulo,SP,2575
2242,sao paulo,SP,2576
12913,braganca paulista,SP,2577
5616,sao paulo,SP,2578
14940,ibitinga,SP,2579
3461,sao paulo,SP,2580
12270,jambeiro,SP,2581
1140,sao paulo,SP,2582
13328,salto,SP,2583
35590,lagoa da prata,MG,2584
82560,curitiba,PR,2585
93040,sao leopoldo,RS,2586
4537,sao paulo,SP,2587
27345,barra mansa,RJ,2588
15025,sao jose do rio preto,SP,2589
71900,aguas claras df,SP,2590
3009,sao paulo,SP,2591
9572,sao caetano do sul,SP,2592
14027,ribeirao pretp,SP,2593
2916,sao paulo,SP,2594
87210,cianorte,PR,2595
2443,sao paulo,SP,2596
14940,ibitinga,SP,2597
3508,sao paulo,SP,2598
21320,rio de janeiro,SP,2599
3287,sao paulo,SP,2600
1208,sao paulo,SP,2601
44002,feira de santana,BA,2602
86073,londrina,PR,2603
38445,araguari,MG,2604
5186,sao paulo,SP,2605
88037,florianopolis,SC,2606
13040,campinas,SP,2607
89164,rio do sul,SC,2608
80010,curitiba,PR,2609
91150,porto alegre,RS,2610
6018,osasco,SP,2611
13660,porto ferreira,SP,2612
13920,pedreira,SP,2613
23587,rio de janeiro,RJ,2614
6465,barueri,SP,2615
91920,porto alegre,RS,2616
96503,cachoeira do sul,RS,2617
14840,guariba,SP,2618
4101,sao paulo,SP,2619
11030,santos,SP,2620
13790,sao sebastiao da grama/sp,SP,2621
17900,dracena,SP,2622
18500,laranjal paulista,SP,2623
6501,santana de parnaiba,SP,2624
17047,bauru,SP,2625
6473,barueri,SP,2626
5676,sao paulo,SP,2627
2839,sao paulo,SP,2628
14010,ribeirao preto,SP,2629
9725,sao bernardo do campo,SP,2630
4141,sao paulo,SP,2631
22775,rio de janeiro,RJ,2632
17400,garca,SP,2633
12604,lorena,SP,2634
86030,londrina,PR,2635
31140,belo horizonte,MG,2636
13465,americana,SP,2637
7221,guarulhos,SP,2638
19906,ourinhos,SP,2639
14940,ibitinga,SP,2640
80220,curitiba,PR,2641
87900,loanda,PR,2642
17250,bariri,SP,2643
8832,mogi das cruzes,SP,2644
3018,sao paulo,SP,2645
20040,rio de janeiro,RJ,2646
28810,rio bonito,SP,2647
11720,praia grande,SP,2648
17209,jau,SP,2649
14078,robeirao preto,SP,2650
88704,tubarao,SC,2651
3237,sao paulo,SP,2652
89228,joinville,SC,2653
7170,guarulhos,SP,2654
3880,sao paulo,SP,2655
14020,ribeirao preto,SP,2656
89504,cacador,SC,2657
5008,sao paulo,SP,2658
89288,sao bento do sul,SC,2659
21510,rio de janeiro,RJ,2660
1041,sao paulo,SP,2661
14802,araraquara,SP,2662
72460,gama,DF,2663
17504,marilia,SP,2664
4208,sao paulo,SP,2665
80040,curitiba,PR,2666
19020,presidente prudente,SP,2667
83005,sao jose dos pinhais,PR,2668
13520,sao pedro,SP,2669
26379,queimados,RJ,2670
2929,sao paulo,SP,2671
39400,montes claros,MG,2672
9560,sao caetano do sul,SP,2673
16304,penapolis,SP,2674
8593,itaquaquecetuba,SP,2675
18110,votorantim,SP,2676
3586,sao paulo,SP,2677
9830,sao bernardo do campo,SP,2678
17017,bauru,SP,2679
80420,curitiba,PR,2680
6871,itapecerica da serra,SP,2681
13214,jundiai,SP,2682
11990,cananeia,SP,2683
14055,ribeirao preto,SP,2684
7070,guarulhos,SP,2685
41820,salvador,BA,2686
17032,bauru,SP,2687
35160,ipatinga,MG,2688
27321,barra mansa,RJ,2689
95705,bento goncalves,RS,2690
3553,sao paulo,SP,2691
13214,jundiai,SP,2692
13380,nova odessa,SP,2693
88372,navegantes,SC,2694
3028,sao paulo,SP,2695
14095,ribeirao preto,SP,2696
87065,maringa,PR,2697
2124,sao paulo,SP,2698
9710,sao bernardo do campo,SP,2699
13845,mogi guacu,SP,2700
3064,sao paulo,SP,2701
9070,santo andre,SP,2702
19300,presidente bernardes,SP,2703
22790,rio de janeiro,RJ,2704
13481,limeira,SP,2705
82620,curitiba,PR,2706
95088,caxias do sul,RS,2707
2918,sao paulo,SP,2708
84925,pinhalao,PR,2709
88960,sombrio,SC,2710
30220,belo horizonte,MG,2711
88010,florianopolis,SC,2712
38022,uberaba,MG,2713
17505,marilia,SP,2714
14075,ribeirao preto,SP,2715
2873,sao paulo,SP,2716
19802,assis,SP,2717
13424,piracicaba,SP,2718
87303,campo mourao,PR,2719
83323,pinhais,PR,2720
3204,sao paulo,SP,2721
55002,caruaru,PE,2722
9571,sao caetano do sul,SP,2723
13840,mogi guacu,SP,2724
3872,sao paulo,SP,2725
4208,sao paulo,SP,2726
81200,curitiba,PR,2727
81650,curitiba,PR,2728
86801,apucarana,PR,2729
83408,colombo,PR,2730
89820,xanxere,SC,2731
83323,pinhais,PR,2732
80250,curitiba,PR,2733
38400,uberlandia,MG,2734
26285,nova iguacu,RJ,2735
4735,sao paulo,SP,2736
4104,sao paulo,SP,2737
21921,rio de janeiro,RJ,2738
36213,dores de campos,MG,2739
9520,sao caetano do sul,SP,2740
8223,sao paulo,SP,2741
81880,curitiba,PR,2742
6322,carapicuiba,SP,2743
3655,sao paulo,SP,2744
19023,presidente prudente,SP,2745
13091,campinas,SP,2746
37175,ilicinea,MG,2747
13403,piracicaba,SP,2748
88301,itajai,SC,2749
93336,novo hamburgo,RS,2750
3480,sao paulo,SP,2751
4282,sao paulo,SP,2752
88113,sao jose,SC,2753
4176,sao paulo,SP,2754
14940,ibitinga,SP,2755
9561,sao caetano do sul,SP,2756
86181,cambe,PR,2757
18090,sorocaba,SP,2758
35900,itabira,MG,2759
3504,sao paulo,SP,2760
3068,sao paulo,SP,2761
85960,marechal candido rondon,PR,2762
8246,sao paulo,SP,2763
14860,barrinha,SP,2764
81070,curitiba,PR,2765
8180,sao paulo,SP,2766
89022,blumenau,SC,2767
89031,blumenau,SC,2768
90250,porto alegre,RS,2769
74110,goiania,GO,2770
86800,apucarana,PR,2771
3813,sao paulo,SP,2772
89280,sao bento do sul,SC,2773
3320,sao paulo,SP,2774
12942,atibaia,SP,2775
71215,brasilia,DF,2776
87230,jussara,PR,2777
14090,ribeirao preto,SP,2778
87050,maringa,PR,2779
85815,cascavel,PR,2780
85960,marechal candido rondon,PA,2781
13471,americana,SP,2782
14405,franca,SP,2783
5004,sao paulo,SP,2784
6711,cotia,SP,2785
83321,pinhais,SP,2786
87015,maringa,PR,2787
86060,londrina,PR,2788
5856,sao paulo,SP,2789
84600,uniao da vitoria,PR,2790
7180,guarulhos,SP,2791
13030,campinas,SP,2792
13920,pedreira,SP,2793
13205,jundiai,SP,2794
9891,sao bernardo do campo,SP,2795
11010,santos,SP,2796
19830,echapora,SP,2797
38183,araxa,MG,2798
15505,votuporanga,SP,2799
11015,santos,SP,2800
89460,canoinhas,SC,2801
21040,rio de janeiro,RJ,2802
14110,ribeirao preto,SP,2803
95840,triunfo,RS,2804
18681,lencois paulista,SP,2805
29166,serra,ES,2806
96816,santa cruz do sul,RS,2807
4461,sao paulo,SP,2808
14940,ibitinga,SP,2809
2265,sao paulo,SP,2810
3431,sao paulo,SP,2811
6080,osasco,SP,2812
6286,osasco,SP,2813
80240,curitiba,PR,2814
82300,curitiba,PR,2815
5849,sao paulo,SP,2816
23092,rio de janeiro,RJ,2817
15802,catanduva,SP,2818
3702,sao paulo,SP,2819
8577,itaquaquecetuba,SP,2820
86690,colorado,PR,2821
88220,itapema,SC,2822
88352,brusque,SC,2823
4208,sao paulo,SP,2824
28950,armacao dos buzios,RJ,2825
89208,joinville,SC,2826
3319,sao paulo,SP,2827
5624,sao paulo,SP,2828
87045,maringa,PR,2829
59020,natal,RN,2830
6192,osasco,SP,2831
87043,maringa,PR,2832
2350,sao paulo,SP,2833
19029,presidente prudente,SP,2834
17209,jau,SP,2835
85880,itaipulandia,PR,2836
18030,sorocaba,SP,2837
37540,santa rita do sapucai,MG,2838
95012,caxias do sul,RS,2839
2040,sao paulo,SP,2840
80620,curitiba,PR,2841
70719,brasilia,DF,2842
20766,rio de janeiro,RJ,2843
3168,sao paulo,SP,2844
3476,sao paulo,SP,2845
12940,atibaia,SP,2846
93800,sapiranga,RS,2847
83020,sao jose dos pinhais,PR,2848
83833,fazenda rio grande,PR,2849
74333,goiania,GO,2850
13324,salto,SP,2851
3138,sao paulo,SP,2852
1201,sao paulo,SP,2853
30882,belo horizonte,MG,2854
5468,sao paulo,SP,2855
9961,diadema,SP,2856
1026,sao paulo,SP,2857
4243,sao paulo,SP,2858
92120,canoas,RS,2859
87702,paranavai,PR,2860
38400,uberlandia,MG,2861
4193,sao paulo,SP,2862
14055,ribeirao preto,SP,2863
6506,santana de parnaiba,SP,2864
71931,brasilia,DF,2865
31365,belo horizonte,MG,2866
18052,sorocaba,SP,2867
94810,alvorada,RS,2868
20091,rio de janeiro,RJ,2869
8596,itaquaquecetuba,SP,2870
4131,sao paulo,SP,2871
80410,curitiba,PR,2872
1212,sao paulo,SP,2873
18270,tatui,SP,2874
11900,registro,SP,2875
13474,americana,SP,2876
4733,sao paulo,SP,2877
3165,sao paulo,SP,2878
18950,ipaussu,SP,2879
3679,sao paulo,SP,2880
86010,londrina,PR,2881
1208,sao paulo,SP,2882
36325,tiradentes,MG,2883
75901,rio verde,GO,2884
71936,brasilia,DF,2885
25900,mage,RJ,2886
75124,anapolis,GO,2887
3565,sao paulo,SP,2888
4696,sao paulo,SP,2889
1309,sao paulo,SP,2890
6764,tabao da serra,SP,2891
3908,sao paulo,SP,2892
70856,brasilia,DF,2893
3641,sao paulo,SP,2894
31980,belo horizonte,MG,2895
1310,sao paulo,SP,2896
3445,sao paulo,SP,2897
13478,americana,SP,2898
5417,sao paulo,SP,2899
9951,diadema,SP,2900
84172,castro,PR,2901
90520,porto alegre,RS,2902
2281,sao paulo,SP,2903
3279,sao paulo,SP,2904
16306,penapolis,SP,2905
5104,sao paulo,SP,2906
87114,sarandi,PR,2907
6760,sao paulo,SP,2908
12327,jacarei,SP,2909
12230,sao jose dos campos,SP,2910
88308,itajai,SC,2911
8072,sao paulo,SP,2912
18590,bofete,SP,2913
9080,santo andre,SP,2914
2336,sao paulo,SP,2915
21825,rio de janeiro,RJ,2916
86026,londrina,PR,2917
14096,ribeirao preto,SP,2918
88380,picarras,SC,2919
8070,sao paulo,SP,2920
28035,rio de janeiro,RJ,2921
9171,santo andre,SP,2922
17510,marilia,SP,2923
20551,rio de janeiro,RJ,2924
15013,sao jose do rio preto,SP,2925
4607,sao paulo,SP,2926
7097,guarulhos,SP,2927
7791,cajamar,SP,2928
18111,votorantim,SP,2929
95180,farroupilha,RS,2930
6716,cotia,SP,2931
13901,amparo,SP,2932
37443,baependi,MG,2933
29056,vitoria,ES,2934
75650,morrinhos,GO,2935
6766,taboao da serra,SP,2936
8541,ferraz de vasconcelos,SP,2937
9010,santo andre,SP,2938
9780,sao bernardo do campo,SP,2939
5051,sao paulo,SP,2940
2522,sao paulo,SP,2941
5879,sao paulo,SP,2942
86702,arapongas,PR,2943
13320,salto,SP,2944
28615,nova friburgo,RJ,2945
18136,sao roque,SP,2946
4007,sao paulo - sp,SP,2947
74150,goiania,GO,2948
8215,sao paulo,SP,2949
15131,mirassol,SP,2950
88960,sombrio,SC,2951
80620,curitiba,PR,2952
29100,vila velha,ES,2953
8275,sao paulo,SP,2954
24900,marica,RJ,2955
22240,rio de janeiro,RJ,2956
24310,niteroi,RJ,2957
14402,franca,SP,2958
19063,presidente prudente,SP,2959
1026,sao paulo,SP,2960
36407,conselheiro lafaiete,MG,2961
85812,cascavel,PR,2962
87015,maringa,PR,2963
86010,londrina,PR,2964
85816,cascavel,PR,2965
76330,jaragua,GO,2966
13250,itatiba,SP,2967
4795,sao paulo,SP,2968
81530,curitiba,PR,2969
2337,sao paulo,SP,2970
16200,birigui,SP,2971
81630,curitiba,PR,2972
89228,joinville,SC,2973
1026,sao paulo,SP,2974
13905,amparo,SP,2975
13211,jundiai,SP,2976
14940,ibitinga,SP,2977
9560,sao caetano do sul,SP,2978
30840,belo horizonte,MG,2979
2320,sao paulo,SP,2980
35044,governador valadares,MG,2981
15170,tanabi,SP,2982
33936,ribeirao das neves,MG,2983
5522,sao paulo,SP,2984
9321,maua,SP,2985
13845,mogi guacu,SP,2986
71551,brasilia,DF,2987
2969,sao paulo,SP,2988
22793,"rio de janeiro, rio de janeiro, brasil",RJ,2989
31842,belo horizonte,MG,2990
4705,sao paulo,SP,2991
31910,belo horizonte,MG,2992
20710,rio de janeiro,RJ,2993
89041,blumenau,SC,2994
37550,pouso alegre,MG,2995
8820,mogi das cruzes,SP,2996
14940,ibitinga,SP,2997
9895,sao bernardo do campo,SP,2998
3211,sao paulo,SP,2999
4360,sao paulo,SP,3000
3064,sao paulo,SP,3001
17512,marilia,SP,3002
6453,barueri,SP,3003
88316,itajai,SC,3004
13920,pedreira,SP,3005
35180,timoteo,MG,3006
8810,mogi das cruzes,SP,3007
3937,sao paulo,SP,3008
3340,sao paulo,SP,3009
3437,sao paulo,SP,3010
29480,muqui,ES,3011
89255,jaragua do sul,SC,3012
36010,juiz de fora,MG,3013
3679,sao paulo,SP,3014
14610,ipua,SP,3015
12306,jacarei / sao paulo,SP,3016
63540,varzea alegre,CE,3017
8615,suzano,SP,3018
12512,guaratingueta,SP,3019
4281,sao paulo,SP,3020
13710,tambau,SP,3021
13601,araras,SP,3022
13720,sao jose do rio pardo,SP,3023
38022,uberaba,MG,3024
20521,rio de janeiro,RJ,3025
84500,irati,PR,3026
14085,riberao preto,SP,3027
86600,rolandia,PR,3028
37708,pocos de caldas,MG,3029
52011,recife,PE,3030
88063,florianopolis,SC,3031
13253,itatiba,SP,3032
90630,porto alegre,RS,3033
4041,sao paulo,SP,3034
89136,rodeio,SC,3035
19020,presidente prudente,SP,3036
31160,belo horizonte,SP,3037
26510,nilopolis,RJ,3038
20020,rio de janeiro,RJ,3039
39400,montes claros,MG,3040
93032,sao leopoldo,RS,3041
12327,jacarei,SP,3042
9981,diadema,SP,3043
89812,chapeco,SC,3044
13600,sao paulo,SP,3045
71065,brasilia,DF,3046
41342,salvador,BA,3047
22793,rio de janeiro,RJ,3048
87045,maringa,PR,3049
3121,sao paulo,SP,3050
73813,formosa,GO,3051
25561,sao joao de meriti,RJ,3052
74930,aparecida de goiania,GO,3053
3029,sao paulo,SP,3054
3572,sao paulo,SP,3055
37590,jacutinga,MG,3056
89036,blumenau,SC,3057
24020,niteroi,RJ,3058
4771,sao paulo,SP,3059
14025,ribeirao preto,SP,3060
38405,uberlandia,MG,3061
2122,sao paulo,SP,3062
13273,valinhos,SP,3063
31310,belo horizonte,MG,3064
86360,bandeirantes,PR,3065
82900,curitiba,PR,3066
5734,sao paulo,SP,3067
20770,rio de janeiro,RJ,3068
15054,sao jose do rio preto,SP,3069
14940,ibitinga,SP,3070
2968,sao paulo,SP,3071
89082,indaial,SC,3072
86020,londrina,PR,3073
82200,curitiba,PR,3074
74835,goiania,GO,3075
13186,hortolandia,SP,3076
9550,sao caetano do sul,SP,3077
55602,vitoria de santo antao,PE,3078
13212,jundiai,SP,3079
31565,belo horizonte,MG,3080
14808,araraquara,SP,3081
85950,palotina,PR,3082
25755,petropolis,RJ,3083
6852,itapecerica da serra,SP,3084
36401,conselheiro lafaiete,MG,3085
13613,leme,SP,3086
35530,claudio,MG,3087
1238,sao paulo,SP,3088
5713,sao paulo,SP,3089
5314,sao paulo,SP,3090
87111,sarandi,PR,3091
88137,palhoca,SC,3092
4650,sao paulo,SP,3093
96080,pelotas,RS,3094
12051,taubate,SP,3095
